"no.","LaTeX","requirements"
"00021","!","*"
"00023","\#","*"
"00024","\$","*"
"00025","\%","*"
"00026","\&","*"
"00028","(","*"
"00029",")","*"
"0002A","*","*"
"0002B","+","*"
"0002C",",","*"
"0002D",""," "
"0002E",".","*"
"0002F","/","*"
"00030","0","*"
"00031","1","*"
"00032","2","*"
"00033","3","*"
"00034","4","*"
"00035","5","*"
"00036","6","*"
"00037","7","*"
"00038","8","*"
"00039","9","*"
"0003A","\colon","*"
"0003B",";","*"
"0003C","<","*"
"0003D","=","*"
"0003E",">","*"
"0003F","?","*"
"00040","@","*"
"00041","A","-literal"
"00042","B","-literal"
"00043","C","-literal"
"00044","D","-literal"
"00045","E","-literal"
"00046","F","-literal"
"00047","G","-literal"
"00048","H","-literal"
"00049","I","-literal"
"0004A","J","-literal"
"0004B","K","-literal"
"0004C","L","-literal"
"0004D","M","-literal"
"0004E","N","-literal"
"0004F","O","-literal"
"00050","P","-literal"
"00051","Q","-literal"
"00052","R","-literal"
"00053","S","-literal"
"00054","T","-literal"
"00055","U","-literal"
"00056","V","-literal"
"00057","W","-literal"
"00058","X","-literal"
"00059","Y","-literal"
"0005A","Z","-literal"
"0005B","\lbrack","*"
"0005C","\backslash","*"
"0005D","\rbrack","*"
"0005E","\sphat","amsxtra"
"0005F","\_","*"
"00060",""," "
"00061","a","-literal"
"00062","b","-literal"
"00063","c","-literal"
"00064","d","-literal"
"00065","e","-literal"
"00066","f","-literal"
"00067","g","-literal"
"00068","h","-literal"
"00069","i","-literal"
"0006A","j","-literal"
"0006B","k","-literal"
"0006C","l","-literal"
"0006D","m","-literal"
"0006E","n","-literal"
"0006F","o","-literal"
"00070","p","-literal"
"00071","q","-literal"
"00072","r","-literal"
"00073","s","-literal"
"00074","t","-literal"
"00075","u","-literal"
"00076","v","-literal"
"00077","w","-literal"
"00078","x","-literal"
"00079","y","-literal"
"0007A","z","-literal"
"0007B","\{","*"
"0007C","|","*"
"0007D","\}","*"
"0007E","\sptilde","amsxtra"
"000A0","~","*"
"000A1",""," "
"000A2","\cent","wasysym"
"000A3","\pounds","-fourier, -fouriernc, -omlmathit"
"000A4",""," "
"000A5","\yen","MnSymbol, amsfonts, amssymb, oz"
"000A6",""," "
"000A7",""," "
"000A8",""," "
"000AC","\neg","*"
"000AE","\circledR","MnSymbol, amsfonts, amssymb, mathdesign, oz"
"000AF",""," "
"000B0",""," "
"000B1","\pm","*"
"000B2",""," "
"000B3",""," "
"000B4",""," "
"000B5","\Micro","wrisym"
"000B6",""," "
"000B7",""," "
"000B9",""," "
"000BC",""," "
"000BD",""," "
"000BE",""," "
"000BF",""," "
"000D7","\times","*"
"000F0","\eth","amssymb, arevmath, kmath, kpfonts, mathdesign, oz, pxfonts, txfonts"
"000F7","\div","*"
"00131","\imath","-literal"
"001B5",""," "
"00237","\jmath","-literal"
"002C6",""," "
"002C7",""," "
"002D8",""," "
"002D9",""," "
"002DA",""," "
"002DC",""," "
"00300","\grave","*"
"00301","\acute","*"
"00302","\hat","*"
"00303","\tilde","*"
"00304","\bar","*"
"00305","\overline","*"
"00306","\breve","*"
"00307","\dot","-oz"
"00308","\ddot","*"
"00309",""," "
"0030A","\mathring","MnSymbol, amssymb, kmath, kpfonts, mathabx, mathdesign, oz, pxfonts, txfonts"
"0030C","\check","*"
"00310",""," "
"00311",""," "
"00312",""," "
"00315",""," "
"0031A",""," "
"00323",""," "
"0032C",""," "
"0032D",""," "
"0032E",""," "
"0032F",""," "
"00330","\utilde","undertilde"
"00331","\underbar","*"
"00332","\underline","*"
"00333",""," "
"00338","\not","*"
"0033A",""," "
"0033F",""," "
"00346",""," "
"00391",""," "
"00392",""," "
"00393","\Gamma","-literal"
"00394","\Delta","-literal"
"00395",""," "
"00396",""," "
"00397",""," "
"00398","\Theta","-literal"
"00399",""," "
"0039A",""," "
"0039B","\Lambda","-literal"
"0039C",""," "
"0039D",""," "
"0039E","\Xi","-literal"
"0039F",""," "
"003A0","\Pi","-literal"
"003A1",""," "
"003A3","\Sigma","-literal"
"003A4",""," "
"003A5","\Upsilon","-literal"
"003A6","\Phi","-literal"
"003A7",""," "
"003A8","\Psi","-literal"
"003A9","\Omega","-literal"
"003B1","\alpha","-literal"
"003B2","\beta","-literal"
"003B3","\gamma","-literal"
"003B4","\delta","-literal"
"003B5","\varepsilon","-literal"
"003B6","\zeta","-literal"
"003B7","\eta","-literal"
"003B8","\theta","-literal"
"003B9","\iota","-literal"
"003BA","\kappa","-literal"
"003BB","\lambda","-literal"
"003BC","\mu","-literal"
"003BD","\nu","-literal"
"003BE","\xi","-literal"
"003BF",""," "
"003C0","\pi","-literal"
"003C1","\rho","-literal"
"003C2","\varsigma","-literal"
"003C3","\sigma","-literal"
"003C4","\tau","-literal"
"003C5","\upsilon","-literal"
"003C6","\varphi","-literal"
"003C7","\chi","-literal"
"003C8","\psi","-literal"
"003C9","\omega","-literal"
"003D0","\varbeta","arevmath"
"003D1","\vartheta","-literal"
"003D2",""," "
"003D5","\phi","-literal"
"003D6","\varpi","-literal"
"003D8","\Qoppa","arevmath"
"003D9","\qoppa","arevmath"
"003DA","\Stigma","arevmath, wrisym"
"003DB","\stigma","arevmath, wrisym"
"003DC","\digamma","amssymb, kmath, kpfonts, mathdesign, oz, pxfonts, txfonts, -wrisym"
"003DD","\digamma","arevmath, wrisym, -amssymb, -kmath, -kpfonts, -mathdesign, -oz, -pxfonts, -txfonts"
"003DE","\Koppa","arevmath"
"003DF","\koppa","arevmath"
"003E0","\Sampi","arevmath, wrisym"
"003E1","\sampi","arevmath"
"003F0",""," "
"003F1","\varrho","omlmathrm, -literal"
"003F4",""," "
"003F5","\epsilon","omlmathrm, -literal"
"003F6","\backepsilon","amssymb, kmath, kpfonts, mathdesign, oz, pxfonts, txfonts, wrisym"
"00428",""," "
"02000",""," "
"02001","\quad","*"
"02002",""," "
"02003",""," "
"02004",""," "
"02005",""," "
"02006",""," "
"02007",""," "
"02009",""," "
"0200A",""," "
"0200B",""," "
"02010",""," "
"02012",""," "
"02013",""," "
"02014",""," "
"02015",""," "
"02016","\|","*"
"02017",""," "
"02020","\dagger","*"
"02021","\ddagger","*"
"02022",""," "
"02025",""," "
"02026","\ldots","*"
"02032","\prime","*"
"02033","\second","mathabx"
"02034","\third","mathabx"
"02035","\backprime","MnSymbol, amssymb, kmath, kpfonts, mathdesign, oz, pxfonts, txfonts"
"02036",""," "
"02037",""," "
"02038",""," "
"0203B",""," "
"0203C",""," "
"02040","\cat","oz"
"02043",""," "
"02044",""," "
"02047",""," "
"0204E",""," "
"0204F",""," "
"02050",""," "
"02051",""," "
"02052",""," "
"02057","\fourth","mathabx"
"0205F","\:","*"
"02061",""," "
"02062",""," "
"02063",""," "
"02064",""," "
"0207A",""," "
"0207B",""," "
"0207C",""," "
"0207D",""," "
"0207E",""," "
"0208A",""," "
"0208B",""," "
"0208C",""," "
"0208D",""," "
"0208E",""," "
"020AC",""," "
"020D0","\lvec","wrisym"
"020D1","\vec","wrisym"
"020D2",""," "
"020D3",""," "
"020D4",""," "
"020D6","\LVec","wrisym"
"020D7","\vec","-wrisym"
"020D8",""," "
"020D9",""," "
"020DA",""," "
"020DB","\dddot","amsmath, kpfonts"
"020DC","\ddddot","amsmath, kpfonts"
"020DD",""," "
"020DE",""," "
"020DF",""," "
"020E1","\overleftrightarrow","amsmath, kpfonts"
"020E4",""," "
"020E5",""," "
"020E6",""," "
"020E7",""," "
"020E8",""," "
"020E9",""," "
"020EA",""," "
"020EB",""," "
"020EC",""," "
"020ED",""," "
"020EE","\underleftarrow","amsmath, kpfonts"
"020EF","\underrightarrow","amsmath, kpfonts"
"020F0",""," "
"02102","\mathbb{C}","amsfonts, amssymb, bbold, fourier, fouriernc, kmath, kpfonts, mathbb, mathbbol, mathdesign, mathpazo, oz, pxfonts, txfonts"
"02107","\Euler","wrisym"
"0210A","\mathcal{g}","urwchancal, wrisym"
"0210B","\mathcal{H}","*"
"0210C","\mathfrak{H}","MnSymbol, amsfonts, amssymb, eufrak, kmath, kpfonts, mathdesign, pxfonts, txfonts"
"0210D","\mathbb{H}","amsfonts, amssymb, bbold, fourier, fouriernc, kmath, kpfonts, mathbb, mathbbol, mathdesign, mathpazo, oz, pxfonts, txfonts"
"0210E",""," "
"0210F","\hslash","MnSymbol, amssymb, arevmath, fourier, fouriernc, kmath, kpfonts, mathdesign, oz, pxfonts, txfonts"
"02110","\mathcal{I}","*"
"02111","\Im","*"
"02112","\mathcal{L}","*"
"02113","\ell","*"
"02115","\mathbb{N}","amsfonts, amssymb, bbold, fourier, fouriernc, kmath, kpfonts, mathbb, mathbbol, mathdesign, mathpazo, oz, pxfonts, txfonts"
"02118","\wp","MnSymbol, amssymb, kmath, kpfonts, mathabx, mathdesign, oz, pxfonts, txfonts"
"02119","\mathbb{P}","amsfonts, amssymb, bbold, fourier, fouriernc, kmath, kpfonts, mathbb, mathbbol, mathdesign, mathpazo, oz, pxfonts, txfonts"
"0211A","\mathbb{Q}","amsfonts, amssymb, bbold, fourier, fouriernc, kmath, kpfonts, mathbb, mathbbol, mathdesign, mathpazo, oz, pxfonts, txfonts"
"0211B","\mathcal{R}","*"
"0211C","\Re","*"
"0211D","\mathbb{R}","amsfonts, amssymb, bbold, fourier, fouriernc, kmath, kpfonts, mathbb, mathbbol, mathdesign, mathpazo, oz, pxfonts, txfonts"
"02124","\mathbb{Z}","amsfonts, amssymb, bbold, fourier, fouriernc, kmath, kpfonts, mathbb, mathbbol, mathdesign, mathpazo, oz, pxfonts, txfonts"
"02126","\tcohm","mathcomp"
"02127","\mho","amsfonts, amssymb, arevmath, kmath, kpfonts, mathdesign, oz, pxfonts, txfonts"
"02128","\mathfrak{Z}","MnSymbol, amsfonts, amssymb, eufrak, kmath, kpfonts, mathdesign, pxfonts, txfonts"
"02129",""," "
"0212B","\Angstroem","wrisym"
"0212C","\mathcal{B}","*"
"0212D","\mathfrak{C}","MnSymbol, amsfonts, amssymb, eufrak, kmath, kpfonts, mathdesign, pxfonts, txfonts"
"0212F","\mathcal{e}","urwchancal, wrisym"
"02130","\mathcal{E}","*"
"02131","\mathcal{F}","*"
"02132","\Finv","amssymb, kmath, kpfonts, mathabx, mathdesign, pxfonts, txfonts"
"02133","\mathcal{M}","*"
"02134","\mathcal{o}","urwchancal, wrisym"
"02135","\aleph","*"
"02136","\beth","MnSymbol, amssymb, kmath, kpfonts, mathdesign, oz, pxfonts, txfonts, wrisym"
"02137","\gimel","MnSymbol, amssymb, kmath, kpfonts, mathdesign, oz, pxfonts, txfonts, wrisym"
"02138","\daleth","MnSymbol, amssymb, kmath, kpfonts, mathdesign, oz, pxfonts, txfonts, wrisym"
"0213C","\mathbb{pi}","bbold, mathbbol"
"0213D","\mathbb{gamma}","bbold, mathbbol"
"0213E","\mathbb{Gamma}","bbold, mathbbol"
"0213F","\mathbb{Pi}","bbold, mathbbol"
"02140","\mathbb{Sigma}","bbold, mathbbol"
"02141",""," "
"02142",""," "
"02143",""," "
"02144","\Yup","stmaryrd"
"02145","\CapitalDifferentialD","wrisym"
"02146","\DifferentialD","wrisym"
"02147","\ExponetialE","wrisym"
"02148","\ComplexI","wrisym"
"02149","\ComplexJ","wrisym"
"0214A",""," "
"0214B","\invamp","kmath, pxfonts, txfonts"
"02190","\leftarrow","*"
"02191","\uparrow","*"
"02192","\rightarrow","*"
"02193","\downarrow","*"
"02194","\leftrightarrow","-wrisym"
"02195","\updownarrow","*"
"02196","\nwarrow","MnSymbol, amssymb, kmath, kpfonts, mathabx, mathdesign, oz, pxfonts, txfonts"
"02197","\nearrow","*"
"02198","\searrow","*"
"02199","\swarrow","*"
"0219A","\nleftarrow","MnSymbol, amssymb, kmath, kpfonts, mathabx, mathdesign, oz, pxfonts, txfonts"
"0219B","\nrightarrow","MnSymbol, amssymb, kmath, kpfonts, mathabx, mathdesign, oz, pxfonts, txfonts"
"0219C",""," "
"0219D",""," "
"0219E","\twoheadleftarrow","MnSymbol, amssymb, kmath, kpfonts, mathdesign, oz, pxfonts, txfonts"
"0219F",""," "
"021A0","\twoheadrightarrow","MnSymbol, amssymb, kmath, kpfonts, mathdesign, oz, pxfonts, txfonts"
"021A1",""," "
"021A2","\leftarrowtail","MnSymbol, amssymb, kmath, kpfonts, mathdesign, oz, pxfonts, txfonts"
"021A3","\rightarrowtail","MnSymbol, amssymb, kmath, kpfonts, mathdesign, oz, pxfonts, txfonts"
"021A4","\mapsfrom","stmaryrd"
"021A5","\MapsUp","wrisym"
"021A6","\mapsto","*"
"021A7","\MapsDown","wrisym"
"021A8",""," "
"021A9","\hookleftarrow","*"
"021AA","\hookrightarrow","*"
"021AB","\looparrowleft","MnSymbol, amssymb, kmath, kpfonts, mathabx, mathdesign, oz, pxfonts, txfonts"
"021AC","\looparrowright","MnSymbol, amssymb, kmath, kpfonts, mathabx, mathdesign, oz, pxfonts, txfonts"
"021AD","\leftrightsquigarrow","MnSymbol, amssymb, kmath, kpfonts, mathabx, mathdesign, oz, pxfonts, txfonts"
"021AE","\nleftrightarrow","MnSymbol, amssymb, kmath, kpfonts, mathabx, mathdesign, oz, pxfonts, txfonts"
"021AF","\lightning","stmaryrd"
"021B0","\Lsh","MnSymbol, amssymb, kmath, kpfonts, mathabx, mathdesign, oz, pxfonts, txfonts"
"021B1","\Rsh","MnSymbol, amssymb, kmath, kpfonts, mathabx, mathdesign, oz, pxfonts, txfonts"
"021B2","\dlsh","mathabx"
"021B3","\drsh","mathabx"
"021B4",""," "
"021B5",""," "
"021B6","\curvearrowleft","MnSymbol, amssymb, fourier, fouriernc, kmath, kpfonts, mathabx, mathdesign, oz, pxfonts, txfonts"
"021B7","\curvearrowright","MnSymbol, amssymb, fourier, fouriernc, kmath, kpfonts, mathabx, mathdesign, oz, pxfonts, txfonts"
"021B8",""," "
"021B9",""," "
"021BA","\circlearrowleft","MnSymbol, amssymb, kmath, kpfonts, mathabx, mathdesign, oz, pxfonts, txfonts"
"021BB","\circlearrowright","MnSymbol, amssymb, kmath, kpfonts, mathabx, mathdesign, oz, pxfonts, txfonts"
"021BC","\leftharpoonup","*"
"021BD","\leftharpoondown","*"
"021BE","\upharpoonright","MnSymbol, amssymb, kmath, kpfonts, mathabx, mathdesign, oz, pxfonts, txfonts"
"021BF","\upharpoonleft","MnSymbol, amssymb, kmath, kpfonts, mathabx, mathdesign, oz, pxfonts, txfonts"
"021C0","\rightharpoonup","*"
"021C1","\rightharpoondown","*"
"021C2","\downharpoonright","MnSymbol, amssymb, kmath, kpfonts, mathabx, mathdesign, oz, pxfonts, txfonts"
"021C3","\downharpoonleft","MnSymbol, amssymb, kmath, kpfonts, mathabx, mathdesign, oz, pxfonts, txfonts"
"021C4","\rightleftarrows","MnSymbol, amssymb, kmath, kpfonts, mathabx, mathdesign, oz, pxfonts, txfonts"
"021C5","\updownarrows","mathabx"
"021C6","\leftrightarrows","MnSymbol, amssymb, kmath, kpfonts, mathabx, mathdesign, oz, pxfonts, txfonts"
"021C7","\leftleftarrows","MnSymbol, amssymb, fourier, fouriernc, kmath, kpfonts, mathabx, mathdesign, oz, pxfonts, txfonts"
"021C8","\upuparrows","MnSymbol, amssymb, kmath, kpfonts, mathabx, mathdesign, oz, pxfonts, txfonts"
"021C9","\rightrightarrows","MnSymbol, amssymb, fourier, fouriernc, kmath, kpfonts, mathabx, mathdesign, oz, pxfonts, txfonts"
"021CA","\downdownarrows","MnSymbol, amssymb, kmath, kpfonts, mathabx, mathdesign, oz, pxfonts, txfonts"
"021CB","\leftrightharpoons","MnSymbol, amssymb, kmath, kpfonts, mathabx, mathdesign, oz, pxfonts, txfonts"
"021CC","\rightleftharpoons","*"
"021CD","\nLeftarrow","MnSymbol, amssymb, kmath, kpfonts, mathabx, mathdesign, oz, pxfonts, txfonts"
"021CE","\nLeftrightarrow","MnSymbol, amssymb, kmath, kpfonts, mathabx, mathdesign, oz, pxfonts, txfonts"
"021CF","\nRightarrow","MnSymbol, amssymb, kmath, kpfonts, mathabx, mathdesign, oz, pxfonts, txfonts"
"021D0","\Leftarrow","*"
"021D1","\Uparrow","*"
"021D2","\Rightarrow","-marvosym"
"021D3","\Downarrow","*"
"021D4","\Leftrightarrow","*"
"021D5","\Updownarrow","*"
"021D6","\Nwarrow","kmath, kpfonts, pxfonts, txfonts"
"021D7","\Nearrow","kmath, kpfonts, pxfonts, txfonts"
"021D8","\Searrow","kmath, kpfonts, pxfonts, txfonts"
"021D9","\Swarrow","kmath, kpfonts, pxfonts, txfonts"
"021DA","\Lleftarrow","MnSymbol, amssymb, kmath, kpfonts, mathdesign, oz, pxfonts, txfonts"
"021DB","\Rrightarrow","MnSymbol, amssymb, kmath, kpfonts, mathdesign, oz, pxfonts, txfonts"
"021DC","\leftsquigarrow","kmath, kpfonts, mathabx, pxfonts, txfonts"
"021DD","\rightsquigarrow","MnSymbol, amssymb, kmath, kpfonts, mathabx, mathdesign, oz, pxfonts, txfonts"
"021DE",""," "
"021DF",""," "
"021E0","\dashleftarrow","MnSymbol, amsfonts, amssymb, kmath, kpfonts, mathdesign, pxfonts, txfonts"
"021E1",""," "
"021E2","\dashrightarrow","MnSymbol, amsfonts, amssymb, kmath, kpfonts, mathdesign, pxfonts, txfonts"
"021E3",""," "
"021E4","\LeftArrowBar","wrisym"
"021E5","\RightArrowBar","wrisym"
"021E6",""," "
"021E7",""," "
"021E8",""," "
"021E9",""," "
"021EA",""," "
"021EB",""," "
"021EC",""," "
"021ED",""," "
"021EE",""," "
"021EF",""," "
"021F0",""," "
"021F1",""," "
"021F2",""," "
"021F3",""," "
"021F4",""," "
"021F5","\downuparrows","mathabx"
"021F6",""," "
"021F7",""," "
"021F8","\pfun","oz"
"021F9",""," "
"021FA",""," "
"021FB","\ffun","oz"
"021FC",""," "
"021FD","\leftarrowtriangle","stmaryrd"
"021FE","\rightarrowtriangle","stmaryrd"
"021FF","\leftrightarrowtriangle","stmaryrd"
"02200","\forall","*"
"02201","\complement","MnSymbol, amssymb, fourier, fouriernc, kmath, kpfonts, mathabx, mathdesign, oz, pxfonts, txfonts"
"02202","\partialup","kpfonts"
"02203","\exists","*"
"02204","\nexists","MnSymbol, amssymb, fourier, fouriernc, kmath, kpfonts, mathabx, mathdesign, oz, pxfonts, txfonts"
"02205","\varnothing","MnSymbol, amssymb, kmath, kpfonts, mathdesign, oz, pxfonts, txfonts"
"02206",""," "
"02207","\nabla","*"
"02208","\in","*"
"02209","\notin","*"
"0220A",""," "
"0220B","\ni","*"
"0220C","\nni","wrisym"
"0220D",""," "
"0220E",""," "
"0220F","\prod","*"
"02210","\coprod","*"
"02211","\sum","*"
"02212","-","*"
"02213","\mp","*"
"02214","\dotplus","MnSymbol, amssymb, kmath, kpfonts, mathabx, mathdesign, oz, pxfonts, txfonts"
"02215","\slash","*"
"02216","\smallsetminus","MnSymbol, amssymb, fourier, fouriernc, kmath, kpfonts, mathdesign, oz, pxfonts, txfonts"
"02217","\ast","*"
"02218","\circ","*"
"02219","\bullet","*"
"0221A","\sqrt","*"
"0221B","\sqrt[3]","*"
"0221C","\sqrt[4]","*"
"0221D","\propto","*"
"0221E","\infty","*"
"0221F","\rightangle","wrisym"
"02220","\angle","*"
"02221","\measuredangle","MnSymbol, amssymb, kmath, kpfonts, mathabx, mathdesign, oz, pxfonts, txfonts, wrisym"
"02222","\sphericalangle","MnSymbol, amssymb, kmath, kpfonts, mathabx, mathdesign, oz, pxfonts, txfonts, wrisym"
"02223","\mid","*"
"02224","\nmid","MnSymbol, amssymb, kmath, kpfonts, mathdesign, oz, pxfonts, txfonts"
"02225","\parallel","*"
"02226","\nparallel","MnSymbol, amssymb, fourier, fouriernc, kmath, kpfonts, mathdesign, oz, pxfonts, txfonts"
"02227","\wedge","MnSymbol, amssymb, kmath, kpfonts, mathabx, mathdesign, oz, pxfonts, txfonts"
"02228","\vee","*"
"02229","\cap","*"
"0222A","\cup","*"
"0222B","\int","*"
"0222C","\iint","amsmath, esint, fourier, fouriernc, kmath, kpfonts, pxfonts, txfonts, wasysym"
"0222D","\iiint","amsmath, esint, fourier, fouriernc, kmath, kpfonts, pxfonts, txfonts, wasysym"
"0222E","\oint","*"
"0222F","\oiint","esint, fourier, fouriernc, kmath, kpfonts, pxfonts, txfonts, wasysym"
"02230","\oiiint","fourier, fouriernc, kmath, kpfonts, pxfonts, txfonts"
"02231",""," "
"02232","\varointclockwise","esint, kmath, kpfonts, pxfonts, txfonts"
"02233","\ointctrclockwise","esint, kmath, kpfonts, pxfonts, txfonts"
"02234","\therefore","MnSymbol, amssymb, kmath, kpfonts, mathabx, mathdesign, oz, pxfonts, txfonts, wrisym"
"02235","\because","MnSymbol, amssymb, kmath, kpfonts, mathabx, mathdesign, oz, pxfonts, txfonts, wrisym"
"02236",":","*"
"02237","\Proportion","wrisym"
"02238",""," "
"02239","\eqcolon","kmath, kpfonts, pxfonts, txfonts, -mathabx"
"0223A",""," "
"0223B",""," "
"0223C","\sim","*"
"0223D","\backsim","MnSymbol, amssymb, kmath, kpfonts, mathdesign, oz, pxfonts, txfonts"
"0223E",""," "
"0223F","\AC","wasysym"
"02240","\wr","MnSymbol, amssymb, kmath, kpfonts, mathabx, mathdesign, oz, pxfonts, txfonts"
"02241","\nsim","MnSymbol, amssymb, kmath, kpfonts, mathabx, mathdesign, oz, pxfonts, txfonts, wrisym"
"02242","\eqsim","MnSymbol, amssymb, kmath, kpfonts, mathdesign, oz, pxfonts, txfonts"
"02243","\simeq","*"
"02244","\nsimeq","kmath, kpfonts, pxfonts, txfonts"
"02245","\cong","*"
"02246",""," "
"02247","\ncong","MnSymbol, amssymb, kmath, kpfonts, mathabx, mathdesign, oz, pxfonts, txfonts, wrisym"
"02248","\approx","*"
"02249","\napprox","wrisym"
"0224A","\approxeq","MnSymbol, amssymb, kmath, kpfonts, mathdesign, oz, pxfonts, txfonts"
"0224B",""," "
"0224C",""," "
"0224D","\asymp","*"
"0224E","\Bumpeq","MnSymbol, amssymb, kmath, kpfonts, mathdesign, oz, pxfonts, txfonts, wrisym"
"0224F","\bumpeq","MnSymbol, amssymb, kmath, kpfonts, mathdesign, oz, pxfonts, txfonts, wrisym"
"02250","\doteq","*"
"02251","\Doteq","MnSymbol, amssymb, kmath, kpfonts, mathabx, mathdesign, oz, pxfonts, txfonts"
"02252","\fallingdotseq","MnSymbol, amssymb, kmath, kpfonts, mathabx, mathdesign, oz, pxfonts, txfonts"
"02253","\risingdotseq","MnSymbol, amssymb, kmath, kpfonts, mathabx, mathdesign, oz, pxfonts, txfonts"
"02254","\coloneq","mathabx, -kmath, -kpfonts, -pxfonts, -txfonts"
"02255","\eqcolon","mathabx, -kmath, -kpfonts, -pxfonts, -txfonts"
"02256","\eqcirc","MnSymbol, amssymb, kmath, kpfonts, mathabx, mathdesign, oz, pxfonts, txfonts"
"02257","\circeq","MnSymbol, amssymb, kmath, kpfonts, mathabx, mathdesign, oz, pxfonts, txfonts"
"02258",""," "
"02259","\corresponds","mathabx"
"0225A",""," "
"0225B",""," "
"0225C","\triangleq","MnSymbol, amssymb, kmath, kpfonts, mathabx, mathdesign, oz, pxfonts, txfonts"
"0225D",""," "
"0225E",""," "
"0225F",""," "
"02260","\neq","*"
"02261","\equiv","*"
"02262","\nequiv","wrisym"
"02263",""," "
"02264","\leq","*"
"02265","\geq","*"
"02266","\leqq","MnSymbol, amssymb, kmath, kpfonts, mathabx, mathdesign, oz, pxfonts, txfonts"
"02267","\geqq","MnSymbol, amssymb, kmath, kpfonts, mathabx, mathdesign, oz, pxfonts, txfonts"
"02268","\lneqq","MnSymbol, amssymb, kmath, kpfonts, mathabx, mathdesign, oz, pxfonts, txfonts"
"02269","\gneqq","MnSymbol, amssymb, kmath, kpfonts, mathabx, mathdesign, oz, pxfonts, txfonts"
"0226A","\ll","*"
"0226B","\gg","*"
"0226C","\between","MnSymbol, amssymb, kmath, kpfonts, mathabx, mathdesign, oz, pxfonts, txfonts"
"0226D","\notasymp","mathabx"
"0226E","\nless","MnSymbol, amssymb, kmath, kpfonts, mathabx, mathdesign, oz, pxfonts, txfonts"
"0226F","\ngtr","MnSymbol, amssymb, kmath, kpfonts, mathabx, mathdesign, oz, pxfonts, txfonts"
"02270","\nleq","MnSymbol, amssymb, kmath, kpfonts, mathabx, mathdesign, oz, pxfonts, txfonts, wrisym"
"02271","\ngeq","MnSymbol, amssymb, kmath, kpfonts, mathabx, mathdesign, oz, pxfonts, txfonts, wrisym"
"02272","\lesssim","MnSymbol, amssymb, kmath, kpfonts, mathabx, mathdesign, oz, pxfonts, txfonts"
"02273","\gtrsim","MnSymbol, amssymb, kmath, kpfonts, mathabx, mathdesign, oz, pxfonts, txfonts"
"02274","\NotLessTilde","wrisym"
"02275","\NotGreaterTilde","wrisym"
"02276","\lessgtr","MnSymbol, amssymb, kmath, kpfonts, mathabx, mathdesign, oz, pxfonts, txfonts"
"02277","\gtrless","MnSymbol, amssymb, kmath, kpfonts, mathabx, mathdesign, oz, pxfonts, txfonts"
"02278","","wrisym"
"02279","\NotGreaterLess","wrisym"
"0227A","\prec","*"
"0227B","\succ","*"
"0227C","\preccurlyeq","MnSymbol, amssymb, kmath, kpfonts, mathabx, mathdesign, oz, pxfonts, txfonts"
"0227D","\succcurlyeq","MnSymbol, amssymb, kmath, kpfonts, mathabx, mathdesign, oz, pxfonts, txfonts"
"0227E","\precsim","MnSymbol, amssymb, kmath, kpfonts, mathabx, mathdesign, oz, pxfonts, txfonts"
"0227F","\succsim","MnSymbol, amssymb, kmath, kpfonts, mathabx, mathdesign, oz, pxfonts, txfonts"
"02280","\nprec","MnSymbol, amssymb, kmath, kpfonts, mathabx, mathdesign, oz, pxfonts, txfonts, wrisym"
"02281","\nsucc","MnSymbol, amssymb, kmath, kpfonts, mathabx, mathdesign, oz, pxfonts, txfonts, wrisym"
"02282","\subset","*"
"02283","\supset","*"
"02284","\nsubset","wrisym"
"02285","\nsupset","wrisym"
"02286","\subseteq","*"
"02287","\supseteq","*"
"02288","\nsubseteq","MnSymbol, amssymb, kmath, kpfonts, mathabx, mathdesign, oz, pxfonts, txfonts, wrisym"
"02289","\nsupseteq","MnSymbol, amssymb, kmath, kpfonts, mathabx, mathdesign, oz, pxfonts, txfonts, wrisym"
"0228A","\subsetneq","MnSymbol, amssymb, kmath, kpfonts, mathabx, mathdesign, oz, pxfonts, txfonts"
"0228B","\supsetneq","MnSymbol, amssymb, kmath, kpfonts, mathabx, mathdesign, oz, pxfonts, txfonts"
"0228C",""," "
"0228D",""," "
"0228E","\uplus","*"
"0228F","\sqsubset","MnSymbol, amsfonts, amssymb, kmath, kpfonts, mathabx, mathdesign, oz, pxfonts, txfonts"
"02290","\sqsupset","MnSymbol, amsfonts, amssymb, kmath, kpfonts, mathabx, mathdesign, oz, pxfonts, txfonts"
"02291","\sqsubseteq","*"
"02292","\sqsupseteq","*"
"02293","\sqcap","*"
"02294","\sqcup","*"
"02295","\oplus","*"
"02296","\ominus","*"
"02297","\otimes","*"
"02298","\oslash","*"
"02299","\odot","*"
"0229A","\circledcirc","MnSymbol, amssymb, kmath, kpfonts, mathabx, mathdesign, oz, pxfonts, txfonts"
"0229B","\circledast","MnSymbol, amssymb, kmath, kpfonts, mathabx, mathdesign, oz, pxfonts, txfonts"
"0229C",""," "
"0229D","\circleddash","MnSymbol, amssymb, kmath, kpfonts, mathabx, mathdesign, oz, pxfonts, txfonts"
"0229E","\boxplus","MnSymbol, amssymb, kmath, kpfonts, mathabx, mathdesign, oz, pxfonts, txfonts"
"0229F","\boxminus","MnSymbol, amssymb, kmath, kpfonts, mathabx, mathdesign, oz, pxfonts, txfonts"
"022A0","\boxtimes","MnSymbol, amssymb, kmath, kpfonts, mathabx, mathdesign, oz, pxfonts, txfonts"
"022A1","\boxdot","MnSymbol, amssymb, kmath, kpfonts, mathabx, mathdesign, oz, pxfonts, stmaryrd, txfonts"
"022A2","\vdash","*"
"022A3","\dashv","MnSymbol, amssymb, kmath, kpfonts, mathabx, mathdesign, oz, pxfonts, txfonts"
"022A4","\top","*"
"022A5","\bot","*"
"022A6",""," "
"022A7","\models","*"
"022A8","\vDash","MnSymbol, amssymb, fourier, fouriernc, kmath, kpfonts, mathabx, mathdesign, oz, pxfonts, txfonts"
"022A9","\Vdash","MnSymbol, amssymb, kmath, kpfonts, mathabx, mathdesign, oz, pxfonts, txfonts"
"022AA","\Vvdash","MnSymbol, amssymb, kmath, kpfonts, mathabx, mathdesign, oz, pxfonts, txfonts"
"022AB","\VDash","kmath, kpfonts, mathabx, pxfonts, txfonts"
"022AC","\nvdash","MnSymbol, amssymb, kmath, kpfonts, mathabx, mathdesign, oz, pxfonts, txfonts"
"022AD","\nvDash","MnSymbol, amssymb, fourier, fouriernc, kmath, kpfonts, mathabx, mathdesign, oz, pxfonts, txfonts"
"022AE","\nVdash","MnSymbol, amssymb, kmath, kpfonts, mathabx, mathdesign, oz, pxfonts, txfonts"
"022AF","\nVDash","MnSymbol, amssymb, kmath, kpfonts, mathabx, mathdesign, oz, pxfonts, txfonts"
"022B0",""," "
"022B1",""," "
"022B2","\vartriangleleft","MnSymbol, amssymb, kmath, kpfonts, mathabx, mathdesign, oz, pxfonts, txfonts"
"022B3","\vartriangleright","MnSymbol, amssymb, kmath, kpfonts, mathabx, mathdesign, oz, pxfonts, txfonts"
"022B4","\trianglelefteq","MnSymbol, amssymb, kmath, kpfonts, mathabx, mathdesign, oz, pxfonts, txfonts"
"022B5","\trianglerighteq","MnSymbol, amssymb, kmath, kpfonts, mathabx, mathdesign, oz, pxfonts, txfonts"
"022B6","\multimapdotbothA","kmath, kpfonts, pxfonts, txfonts"
"022B7","\multimapdotbothB","kmath, kpfonts, pxfonts, txfonts"
"022B8","\multimap","MnSymbol, amssymb, kmath, kpfonts, mathdesign, oz, pxfonts, txfonts"
"022B9",""," "
"022BA","\intercal","MnSymbol, amssymb, fourier, fouriernc, kmath, kpfonts, mathdesign, oz, pxfonts, txfonts"
"022BB","\veebar","MnSymbol, amssymb, kmath, kpfonts, mathabx, mathdesign, oz, pxfonts, txfonts"
"022BC","\barwedge","MnSymbol, amssymb, kmath, kpfonts, mathabx, mathdesign, oz, pxfonts, txfonts"
"022BD",""," "
"022BE",""," "
"022BF",""," "
"022C0","\bigwedge","*"
"022C1","\bigvee","*"
"022C2","\bigcap","*"
"022C3","\bigcup","*"
"022C4","\diamond","*"
"022C5","\cdot","*"
"022C6","\star","*"
"022C7","\divideontimes","MnSymbol, amssymb, kmath, kpfonts, mathabx, mathdesign, oz, pxfonts, txfonts"
"022C8","\bowtie","*"
"022C9","\ltimes","MnSymbol, amssymb, kmath, kpfonts, mathabx, mathdesign, oz, pxfonts, txfonts"
"022CA","\rtimes","MnSymbol, amssymb, kmath, kpfonts, mathabx, mathdesign, oz, pxfonts, txfonts"
"022CB","\leftthreetimes","MnSymbol, amssymb, kmath, kpfonts, mathabx, mathdesign, oz, pxfonts, txfonts"
"022CC","\rightthreetimes","MnSymbol, amssymb, kmath, kpfonts, mathabx, mathdesign, oz, pxfonts, txfonts"
"022CD","\backsimeq","MnSymbol, amssymb, kmath, kpfonts, mathdesign, oz, pxfonts, txfonts"
"022CE","\curlyvee","MnSymbol, amssymb, kmath, kpfonts, mathabx, mathdesign, oz, pxfonts, txfonts"
"022CF","\curlywedge","MnSymbol, amssymb, kmath, kpfonts, mathabx, mathdesign, oz, pxfonts, txfonts"
"022D0","\Subset","MnSymbol, amssymb, kmath, kpfonts, mathabx, mathdesign, oz, pxfonts, txfonts"
"022D1","\Supset","MnSymbol, amssymb, kmath, kpfonts, mathabx, mathdesign, oz, pxfonts, txfonts"
"022D2","\Cap","MnSymbol, amssymb, kmath, kpfonts, mathabx, mathdesign, oz, pxfonts, txfonts"
"022D3","\Cup","MnSymbol, amssymb, kmath, kpfonts, mathabx, mathdesign, oz, pxfonts, txfonts"
"022D4","\pitchfork","MnSymbol, amssymb, kmath, kpfonts, mathabx, mathdesign, oz, pxfonts, txfonts"
"022D5","\hash","mathabx"
"022D6","\lessdot","MnSymbol, amssymb, kmath, kpfonts, mathabx, mathdesign, oz, pxfonts, txfonts"
"022D7","\gtrdot","MnSymbol, amssymb, kmath, kpfonts, mathabx, mathdesign, oz, pxfonts, txfonts"
"022D8","\lll","MnSymbol, amssymb, kmath, kpfonts, mathdesign, oz, pxfonts, txfonts, -mathabx"
"022D9","\ggg","MnSymbol, amssymb, kmath, kpfonts, mathdesign, oz, pxfonts, txfonts, -mathabx"
"022DA","\lesseqgtr","MnSymbol, amssymb, kmath, kpfonts, mathabx, mathdesign, oz, pxfonts, txfonts"
"022DB","\gtreqless","MnSymbol, amssymb, kmath, kpfonts, mathabx, mathdesign, oz, pxfonts, txfonts"
"022DC",""," "
"022DD",""," "
"022DE","\curlyeqprec","MnSymbol, amssymb, kmath, kpfonts, mathabx, mathdesign, oz, pxfonts, txfonts"
"022DF","\curlyeqsucc","MnSymbol, amssymb, kmath, kpfonts, mathabx, mathdesign, oz, pxfonts, txfonts"
"022E0","\npreceq","MnSymbol, amssymb, kmath, kpfonts, mathabx, mathdesign, oz, pxfonts, txfonts, wrisym"
"022E1","\nsucceq","MnSymbol, amssymb, kmath, kpfonts, mathabx, mathdesign, oz, pxfonts, txfonts, wrisym"
"022E2","\nsqsubseteq","wrisym"
"022E3","\nsqsupseteq","wrisym"
"022E4",""," "
"022E5",""," "
"022E6","\lnsim","MnSymbol, amssymb, kmath, kpfonts, mathabx, mathdesign, oz, pxfonts, txfonts"
"022E7","\gnsim","MnSymbol, amssymb, kmath, kpfonts, mathabx, mathdesign, oz, pxfonts, txfonts"
"022E8","\precnsim","MnSymbol, amssymb, kmath, kpfonts, mathabx, mathdesign, oz, pxfonts, txfonts"
"022E9","\succnsim","MnSymbol, amssymb, kmath, kpfonts, mathabx, mathdesign, oz, pxfonts, txfonts"
"022EA","\ntriangleleft","MnSymbol, amssymb, kmath, kpfonts, mathabx, mathdesign, oz, pxfonts, txfonts"
"022EB","\ntriangleright","MnSymbol, amssymb, kmath, kpfonts, mathabx, mathdesign, oz, pxfonts, txfonts"
"022EC","\ntrianglelefteq","MnSymbol, amssymb, kmath, kpfonts, mathabx, mathdesign, oz, pxfonts, txfonts"
"022ED","\ntrianglerighteq","MnSymbol, amssymb, kmath, kpfonts, mathabx, mathdesign, oz, pxfonts, txfonts"
"022EE","\vdots","*"
"022EF","\cdots","*"
"022F0","\iddots","mathdots"
"022F1","\ddots","*"
"022F2",""," "
"022F3",""," "
"022F4",""," "
"022F5",""," "
"022F6","\barin","mathabx"
"022F7",""," "
"022F8",""," "
"022F9",""," "
"022FA",""," "
"022FB",""," "
"022FC",""," "
"022FD",""," "
"022FE",""," "
"022FF",""," "
"02300","\diameter","mathabx"
"02302",""," "
"02305",""," "
"02306",""," "
"02308","\lceil","*"
"02309","\rceil","*"
"0230A","\lfloor","*"
"0230B","\rfloor","*"
"02310","\invneg","wasysym"
"02311","\wasylozenge","wasysym"
"02312",""," "
"02313",""," "
"02317",""," "
"02319",""," "
"0231C","\ulcorner","MnSymbol, amsfonts, amssymb, kmath, kpfonts, mathabx, mathdesign, oz, pxfonts, txfonts"
"0231D","\urcorner","MnSymbol, amsfonts, amssymb, kmath, kpfonts, mathabx, mathdesign, oz, pxfonts, txfonts"
"0231E","\llcorner","MnSymbol, amsfonts, amssymb, kmath, kpfonts, mathabx, mathdesign, oz, pxfonts, txfonts"
"0231F","\lrcorner","MnSymbol, amsfonts, amssymb, kmath, kpfonts, mathabx, mathdesign, oz, pxfonts, txfonts"
"02320",""," "
"02321",""," "
"02322","\frown","*"
"02323","\smile","*"
"0232C",""," "
"02332",""," "
"02336",""," "
"02337",""," "
"02338",""," "
"02339","\APLinv","wasysym"
"0233A",""," "
"0233B",""," "
"0233C",""," "
"0233D",""," "
"0233E",""," "
"0233F","\notslash","wasysym"
"02340","\notbackslash","wasysym"
"02341",""," "
"02342",""," "
"02343",""," "
"02344",""," "
"02345",""," "
"02346",""," "
"02347","\APLleftarrowbox","wasysym"
"02348","\APLrightarrowbox","wasysym"
"02349",""," "
"0234A",""," "
"0234B",""," "
"0234C",""," "
"0234D",""," "
"0234E",""," "
"0234F",""," "
"02350","\APLuparrowbox","wasysym"
"02351",""," "
"02352","","wasysym"
"02353",""," "
"02354",""," "
"02355",""," "
"02356",""," "
"02357","\APLdownarrowbox","wasysym"
"02358",""," "
"02359",""," "
"0235A",""," "
"0235B",""," "
"0235C",""," "
"0235D","\APLcomment","wasysym"
"0235E","\APLinput","wasysym"
"0235F","\APLlog","wasysym"
"02360",""," "
"02361",""," "
"02362",""," "
"02363",""," "
"02364",""," "
"02365",""," "
"02366",""," "
"02367",""," "
"02368",""," "
"02369",""," "
"0236A",""," "
"0236B",""," "
"0236C",""," "
"0236D",""," "
"0236E",""," "
"0236F",""," "
"02370",""," "
"02371",""," "
"02372",""," "
"02373",""," "
"02374",""," "
"02375",""," "
"02376",""," "
"02377",""," "
"02378",""," "
"02379",""," "
"0237C",""," "
"02394",""," "
"0239B",""," "
"0239C",""," "
"0239D",""," "
"0239E",""," "
"0239F",""," "
"023A0",""," "
"023A1",""," "
"023A2",""," "
"023A3",""," "
"023A4",""," "
"023A5",""," "
"023A6",""," "
"023A7",""," "
"023A8",""," "
"023A9",""," "
"023AA",""," "
"023AB",""," "
"023AC",""," "
"023AD",""," "
"023AE",""," "
"023AF",""," "
"023B0",""," "
"023B1",""," "
"023B2",""," "
"023B3",""," "
"023B4",""," "
"023B5",""," "
"023B6",""," "
"023B7",""," "
"023B8",""," "
"023B9",""," "
"023CE",""," "
"023D0",""," "
"023DC","\overparen","wrisym"
"023DD","\underparen","wrisym"
"023DE","\overbrace","*"
"023DF","\underbrace","*"
"023E0",""," "
"023E1",""," "
"023E2",""," "
"023E3",""," "
"023E4",""," "
"023E5",""," "
"023E6",""," "
"023E7",""," "
"024C8",""," "
"02506",""," "
"02580",""," "
"02584",""," "
"02588",""," "
"0258C",""," "
"02590",""," "
"02591",""," "
"02592",""," "
"02593",""," "
"025A0",""," "
"025A1",""," "
"025A2",""," "
"025A3",""," "
"025A4",""," "
"025A5",""," "
"025A6",""," "
"025A7",""," "
"025A8",""," "
"025A9",""," "
"025AA",""," "
"025AB",""," "
"025AC",""," "
"025AD",""," "
"025AE",""," "
"025AF",""," "
"025B0",""," "
"025B1",""," "
"025B2",""," "
"025B3","\bigtriangleup","-stmaryrd"
"025B4","\blacktriangleup","mathabx"
"025B5","\smalltriangleup","mathabx"
"025B6","\RHD","wasysym"
"025B7","\rhd","MnSymbol, amssymb, kmath, kpfonts, mathdesign, oz, pxfonts, txfonts, wasysym"
"025B8","\blacktriangleright","mathabx, -fourier, -fouriernc"
"025B9","\smalltriangleright","mathabx"
"025BA",""," "
"025BB",""," "
"025BC",""," "
"025BD","\bigtriangledown","-stmaryrd"
"025BE","\blacktriangledown","mathabx"
"025BF","\smalltriangledown","mathabx"
"025C0","\LHD","wasysym"
"025C1","\lhd","MnSymbol, amssymb, kmath, kpfonts, mathdesign, oz, pxfonts, txfonts, wasysym"
"025C2","\blacktriangleleft","mathabx, -fourier, -fouriernc"
"025C3","\smalltriangleleft","mathabx"
"025C4",""," "
"025C5",""," "
"025C6","\Diamondblack","kmath, kpfonts, pxfonts, txfonts"
"025C7","\Diamond","MnSymbol, amssymb, kmath, kpfonts, mathdesign, oz, pxfonts, txfonts"
"025C8",""," "
"025C9",""," "
"025CA","\lozenge","MnSymbol, amssymb, kmath, kpfonts, mathdesign, oz, pxfonts, txfonts"
"025CB","\Circle","wasysym"
"025CC",""," "
"025CD",""," "
"025CE",""," "
"025CF","\CIRCLE","wasysym"
"025D0","\LEFTcircle","wasysym"
"025D1","\RIGHTcircle","wasysym"
"025D2",""," "
"025D3",""," "
"025D4",""," "
"025D5",""," "
"025D6","\LEFTCIRCLE","wasysym"
"025D7","\RIGHTCIRCLE","wasysym"
"025D8",""," "
"025D9",""," "
"025DA",""," "
"025DB",""," "
"025DC",""," "
"025DD",""," "
"025DE",""," "
"025DF",""," "
"025E0",""," "
"025E1",""," "
"025E2",""," "
"025E3",""," "
"025E4",""," "
"025E5",""," "
"025E6",""," "
"025E7",""," "
"025E8",""," "
"025E9",""," "
"025EA",""," "
"025EB","\boxbar","kmath, kpfonts, pxfonts, stmaryrd, txfonts"
"025EC",""," "
"025ED",""," "
"025EE",""," "
"025EF",""," "
"025F0",""," "
"025F1",""," "
"025F2",""," "
"025F3",""," "
"025F4",""," "
"025F5",""," "
"025F6",""," "
"025F7",""," "
"025F8",""," "
"025F9",""," "
"025FA",""," "
"025FB","\square","MnSymbol, amssymb, kmath, kpfonts, mathabx, mathdesign, oz, pxfonts, txfonts, -fourier, -fouriernc"
"025FC","\blacksquare","MnSymbol, amssymb, kmath, kpfonts, mathdesign, oz, pxfonts, txfonts, -fourier, -fouriernc"
"025FD",""," "
"025FE",""," "
"025FF",""," "
"02605","\bigstar","MnSymbol, amssymb, kmath, kpfonts, mathabx, mathdesign, oz, pxfonts, txfonts"
"02606",""," "
"02609","\Sun","mathabx"
"0260C","","wasysym"
"02610","\Square","wasysym"
"02611","\CheckedBox","wasysym"
"02612","\XBox","wasysym"
"02615","\steaming","arevmath"
"0261E","\pointright","arevmath"
"02620","\skull","arevmath"
"02621",""," "
"02622","\radiation","arevmath"
"02623","\biohazard","arevmath"
"0262F","\yinyang","arevmath"
"02639","\frownie","wasysym"
"0263A","\smiley","wasysym"
"0263B","\blacksmiley","wasysym"
"0263C","\sun","wasysym"
"0263D","\rightmoon","mathabx, wasysym"
"0263E","\leftmoon","mathabx, wasysym"
"0263F","\mercury","wasysym"
"02640","\female","wasysym"
"02641","\earth","wasysym"
"02642","\male","wasysym"
"02643","\jupiter","wasysym"
"02644","\saturn","wasysym"
"02645","\uranus","wasysym"
"02646","\neptune","wasysym"
"02647","\pluto","wasysym"
"02648","\aries","wasysym"
"02649","\taurus","wasysym"
"0264A","\gemini","wasysym"
"0264B","\cancer","wasysym"
"0264C","\leo","wasysym"
"0264D","\virgo","wasysym"
"0264E","\libra","wasysym"
"0264F","\scorpio","wasysym"
"02650","\sagittarius","wasysym"
"02651","\capricornus","wasysym"
"02652","\aquarius","wasysym"
"02653","\pisces","wasysym"
"02660","\spadesuit","*"
"02661","\heartsuit","*"
"02662","\diamondsuit","*"
"02663","\clubsuit","*"
"02664","\varspadesuit","kmath, kpfonts, pxfonts, txfonts"
"02665","\varheartsuit","kmath, kpfonts, pxfonts, txfonts"
"02666","\vardiamondsuit","kmath, kpfonts, pxfonts, txfonts"
"02667","\varclubsuit","kmath, kpfonts, pxfonts, txfonts"
"02669","\quarternote","arevmath, wasysym"
"0266A","\eighthnote","arevmath"
"0266B","\twonotes","wasysym"
"0266C","\sixteenthnote","arevmath"
"0266D","\flat","*"
"0266E","\natural","*"
"0266F","\sharp","*"
"0267B","\recycle","arevmath"
"0267E",""," "
"02680",""," "
"02681",""," "
"02682",""," "
"02683",""," "
"02684",""," "
"02685",""," "
"02686",""," "
"02687",""," "
"02688",""," "
"02689",""," "
"02693","\anchor","arevmath"
"02694","\swords","arevmath"
"026A0","\warning","arevmath"
"026A5",""," "
"026AA","\medcirc","kmath, kpfonts, pxfonts, txfonts"
"026AB","\medbullet","kmath, kpfonts, pxfonts, txfonts"
"026AC",""," "
"026B2",""," "
"0270E","\pencil","arevmath"
"02713","\checkmark","MnSymbol, amsfonts, amssymb, mathdesign, oz"
"02717","\ballotx","arevmath"
"02720","\maltese","MnSymbol, amsfonts, amssymb, mathdesign, oz"
"0272A",""," "
"02736",""," "
"0273D",""," "
"02772",""," "
"02773",""," "
"0279B",""," "
"027A2","\arrowbullet","arevmath"
"027C0",""," "
"027C1",""," "
"027C2","\perp","*"
"027C3",""," "
"027C4",""," "
"027C5","\Lbag","kmath, kpfonts, pxfonts, stmaryrd, txfonts"
"027C6","\Rbag","kmath, kpfonts, pxfonts, stmaryrd, txfonts"
"027C7",""," "
"027C8",""," "
"027C9",""," "
"027CC",""," "
"027D0","\Diamonddot","kmath, kpfonts, pxfonts, txfonts"
"027D1",""," "
"027D2",""," "
"027D3",""," "
"027D4",""," "
"027D5",""," "
"027D6",""," "
"027D7",""," "
"027D8",""," "
"027D9",""," "
"027DA",""," "
"027DB",""," "
"027DC","\multimapinv","kmath, kpfonts, pxfonts, txfonts"
"027DD",""," "
"027DE",""," "
"027DF",""," "
"027E0",""," "
"027E1",""," "
"027E2",""," "
"027E3",""," "
"027E4",""," "
"027E5",""," "
"027E6","\llbracket","fourier, fouriernc, kpfonts, stmaryrd, wrisym"
"027E7","\rrbracket","fourier, fouriernc, kpfonts, stmaryrd, wrisym"
"027E8","\langle","*"
"027E9","\rangle","*"
"027EA","\lang","oz"
"027EB","\rang","oz"
"027EC",""," "
"027ED",""," "
"027EE","\lgroup","*"
"027EF","\rgroup","*"
"027F0",""," "
"027F1",""," "
"027F2",""," "
"027F3",""," "
"027F4",""," "
"027F5","\longleftarrow","*"
"027F6","\longrightarrow","*"
"027F7","\longleftrightarrow","*"
"027F8","\Longleftarrow","*"
"027F9","\Longrightarrow","*"
"027FA","\Longleftrightarrow","*"
"027FB","\longmapsfrom","stmaryrd"
"027FC","\longmapsto","*"
"027FD","\Longmapsfrom","stmaryrd"
"027FE","\Longmapsto","stmaryrd"
"027FF",""," "
"02900","\psur","oz"
"02901",""," "
"02902",""," "
"02903",""," "
"02904",""," "
"02905",""," "
"02906","\Mapsfrom","stmaryrd"
"02907","\Mapsto","stmaryrd"
"02908",""," "
"02909",""," "
"0290A",""," "
"0290B",""," "
"0290C",""," "
"0290D",""," "
"0290E",""," "
"0290F",""," "
"02910",""," "
"02911",""," "
"02912","\UpArrowBar","wrisym"
"02913","\DownArrowBar","wrisym"
"02914","\pinj","oz"
"02915","\finj","oz"
"02916","\bij","oz"
"02917",""," "
"02918",""," "
"02919",""," "
"0291A",""," "
"0291B",""," "
"0291C",""," "
"0291D",""," "
"0291E",""," "
"0291F",""," "
"02920",""," "
"02921",""," "
"02922",""," "
"02923",""," "
"02924",""," "
"02925",""," "
"02926",""," "
"02927",""," "
"02928",""," "
"02929",""," "
"0292A",""," "
"0292B",""," "
"0292C",""," "
"0292D",""," "
"0292E",""," "
"0292F",""," "
"02930",""," "
"02931",""," "
"02932",""," "
"02933","\leadsto","kmath, kpfonts, pxfonts, txfonts"
"02934",""," "
"02935",""," "
"02936",""," "
"02937",""," "
"02938",""," "
"02939",""," "
"0293A",""," "
"0293B",""," "
"0293C",""," "
"0293D",""," "
"0293E",""," "
"0293F",""," "
"02940",""," "
"02941",""," "
"02942",""," "
"02943",""," "
"02944",""," "
"02945",""," "
"02946",""," "
"02947",""," "
"02948",""," "
"02949",""," "
"0294A","\leftrightharpoon","mathabx"
"0294B","\rightleftharpoon","mathabx"
"0294C",""," "
"0294D",""," "
"0294E","\leftrightharpoonup","wrisym"
"0294F","\rightupdownharpoon","wrisym"
"02950","\leftrightharpoondown","wrisym"
"02951","\leftupdownharpoon","wrisym"
"02952","\LeftVectorBar","wrisym"
"02953","\RightVectorBar","wrisym"
"02954","\RightUpVectorBar","wrisym"
"02955","\RightDownVectorBar","wrisym"
"02956","\DownLeftVectorBar","wrisym"
"02957","\DownRightVectorBar","wrisym"
"02958","\LeftUpVectorBar","wrisym"
"02959","\LeftDownVectorBar","wrisym"
"0295A","\LeftTeeVector","wrisym"
"0295B","\RightTeeVector","wrisym"
"0295C","\RightUpTeeVector","wrisym"
"0295D","\RightDownTeeVector","wrisym"
"0295E","\DownLeftTeeVector","wrisym"
"0295F","\DownRightTeeVector","wrisym"
"02960","\LeftUpTeeVector","wrisym"
"02961","\LeftDownTeeVector","wrisym"
"02962","\leftleftharpoons","mathabx"
"02963","\upupharpoons","mathabx"
"02964","\rightrightharpoons","mathabx"
"02965","\downdownharpoons","mathabx"
"02966",""," "
"02967",""," "
"02968",""," "
"02969",""," "
"0296A","\leftbarharpoon","mathabx"
"0296B","\barleftharpoon","mathabx"
"0296C","\rightbarharpoon","mathabx"
"0296D","\barrightharpoon","mathabx"
"0296E","\updownharpoons","mathabx"
"0296F","\downupharpoons","mathabx"
"02970",""," "
"02971",""," "
"02972",""," "
"02973",""," "
"02974",""," "
"02975",""," "
"02976",""," "
"02977",""," "
"02978",""," "
"02979",""," "
"0297A",""," "
"0297B",""," "
"0297C","\strictfi","kmath, kpfonts, pxfonts, txfonts"
"0297D","\strictif","kmath, kpfonts, pxfonts, txfonts"
"0297E",""," "
"0297F",""," "
"02980","\VERT","fourier, fouriernc"
"02981","\spot","oz"
"02982",""," "
"02983",""," "
"02984",""," "
"02985","\Lparen","mathbbol"
"02986","\Rparen","mathbbol"
"02987","\limg","oz"
"02988","\rimg","oz"
"02989","\lblot","oz"
"0298A","\rblot","oz"
"0298B",""," "
"0298C",""," "
"0298D",""," "
"0298E",""," "
"0298F",""," "
"02990",""," "
"02991",""," "
"02992",""," "
"02993",""," "
"02994",""," "
"02995",""," "
"02996",""," "
"02997",""," "
"02998",""," "
"02999",""," "
"0299A",""," "
"0299B",""," "
"0299C",""," "
"0299D",""," "
"0299E",""," "
"0299F",""," "
"029A0",""," "
"029A1",""," "
"029A2",""," "
"029A3",""," "
"029A4",""," "
"029A5",""," "
"029A6",""," "
"029A7",""," "
"029A8",""," "
"029A9",""," "
"029AA",""," "
"029AB",""," "
"029AC",""," "
"029AD",""," "
"029AE",""," "
"029AF",""," "
"029B0",""," "
"029B1",""," "
"029B2",""," "
"029B3",""," "
"029B4",""," "
"029B5",""," "
"029B6",""," "
"029B7",""," "
"029B8","\circledbslash","kmath, kpfonts, pxfonts, txfonts"
"029B9",""," "
"029BA",""," "
"029BB",""," "
"029BC",""," "
"029BD",""," "
"029BE",""," "
"029BF",""," "
"029C0","\circledless","kmath, kpfonts, pxfonts, txfonts"
"029C1","\circledgtr","kmath, kpfonts, pxfonts, txfonts"
"029C2",""," "
"029C3",""," "
"029C4","\boxslash","kmath, kpfonts, pxfonts, stmaryrd, txfonts"
"029C5","\boxbslash","kmath, kpfonts, pxfonts, stmaryrd, txfonts"
"029C6","\boxast","kmath, kpfonts, pxfonts, stmaryrd, txfonts"
"029C7","\boxcircle","stmaryrd"
"029C8","\boxbox","stmaryrd"
"029C9",""," "
"029CA",""," "
"029CB",""," "
"029CC",""," "
"029CD",""," "
"029CE",""," "
"029CF","\LeftTriangleBar","wrisym"
"029D0","\RightTriangleBar","wrisym"
"029D1",""," "
"029D2",""," "
"029D3",""," "
"029D4",""," "
"029D5",""," "
"029D6",""," "
"029D7",""," "
"029D8",""," "
"029D9",""," "
"029DA",""," "
"029DB",""," "
"029DC",""," "
"029DD",""," "
"029DE",""," "
"029DF","\multimapboth","kmath, kpfonts, pxfonts, txfonts"
"029E0",""," "
"029E1",""," "
"029E2",""," "
"029E3",""," "
"029E4",""," "
"029E5",""," "
"029E6",""," "
"029E7",""," "
"029E8",""," "
"029E9",""," "
"029EA",""," "
"029EB","\blacklozenge","MnSymbol, amssymb, kmath, kpfonts, mathdesign, oz, pxfonts, txfonts"
"029EC",""," "
"029ED",""," "
"029EE",""," "
"029EF",""," "
"029F0",""," "
"029F1",""," "
"029F2",""," "
"029F3",""," "
"029F4",""," "
"029F5","\setminus","*"
"029F6",""," "
"029F7",""," "
"029F8",""," "
"029F9","\zhide","oz"
"029FA",""," "
"029FB",""," "
"029FC",""," "
"029FD",""," "
"029FE",""," "
"029FF",""," "
"02A00","\bigodot","*"
"02A01","\bigoplus","*"
"02A02","\bigotimes","*"
"02A03",""," "
"02A04","\biguplus","*"
"02A05","\bigsqcap","kmath, kpfonts, pxfonts, txfonts"
"02A06","\bigsqcup","*"
"02A07",""," "
"02A08",""," "
"02A09","\varprod","kmath, kpfonts, pxfonts, txfonts"
"02A0A",""," "
"02A0B",""," "
"02A0C","\iiiint","amsmath, esint, kmath, kpfonts, pxfonts, txfonts"
"02A0D",""," "
"02A0E",""," "
"02A0F","\fint","esint, kmath, kpfonts, pxfonts, txfonts, wrisym"
"02A10",""," "
"02A11",""," "
"02A12",""," "
"02A13",""," "
"02A14",""," "
"02A15",""," "
"02A16","\sqint","esint, kmath, kpfonts, pxfonts, txfonts"
"02A17",""," "
"02A18",""," "
"02A19",""," "
"02A1A",""," "
"02A1B",""," "
"02A1C",""," "
"02A1D","\Join","MnSymbol, amssymb, kmath, kpfonts, mathabx, mathdesign, oz, pxfonts, txfonts"
"02A1E",""," "
"02A1F","\zcmp","oz"
"02A20","\zpipe","oz"
"02A21","\zproject","oz"
"02A22",""," "
"02A23",""," "
"02A24",""," "
"02A25",""," "
"02A26",""," "
"02A27",""," "
"02A28",""," "
"02A29",""," "
"02A2A",""," "
"02A2B",""," "
"02A2C",""," "
"02A2D",""," "
"02A2E",""," "
"02A2F",""," "
"02A30",""," "
"02A31",""," "
"02A32",""," "
"02A33",""," "
"02A34",""," "
"02A35",""," "
"02A36",""," "
"02A37",""," "
"02A38",""," "
"02A39",""," "
"02A3A",""," "
"02A3B",""," "
"02A3C",""," "
"02A3D",""," "
"02A3E","\fcmp","oz"
"02A3F","\amalg","*"
"02A40",""," "
"02A41",""," "
"02A42",""," "
"02A43",""," "
"02A44",""," "
"02A45",""," "
"02A46",""," "
"02A47",""," "
"02A48",""," "
"02A49",""," "
"02A4A",""," "
"02A4B",""," "
"02A4C",""," "
"02A4D",""," "
"02A4E",""," "
"02A4F",""," "
"02A50",""," "
"02A51",""," "
"02A52",""," "
"02A53",""," "
"02A54",""," "
"02A55",""," "
"02A56",""," "
"02A57",""," "
"02A58",""," "
"02A59",""," "
"02A5A",""," "
"02A5B",""," "
"02A5C",""," "
"02A5D",""," "
"02A5E","\doublebarwedge","MnSymbol, amssymb, kmath, kpfonts, mathabx, mathdesign, oz, pxfonts, txfonts"
"02A5F",""," "
"02A60",""," "
"02A61",""," "
"02A62",""," "
"02A63",""," "
"02A64","\dsub","oz"
"02A65","\rsub","oz"
"02A66",""," "
"02A67",""," "
"02A68",""," "
"02A69",""," "
"02A6A",""," "
"02A6B",""," "
"02A6C",""," "
"02A6D",""," "
"02A6E",""," "
"02A6F",""," "
"02A70",""," "
"02A71",""," "
"02A72",""," "
"02A73",""," "
"02A74","\Coloneqq","kmath, kpfonts, pxfonts, txfonts"
"02A75","\Equal","wrisym"
"02A76","\Same","wrisym"
"02A77",""," "
"02A78",""," "
"02A79",""," "
"02A7A",""," "
"02A7B",""," "
"02A7C",""," "
"02A7D","\leqslant","MnSymbol, amssymb, fourier, fouriernc, kmath, kpfonts, mathabx, mathdesign, oz, pxfonts, txfonts"
"02A7E","\geqslant","MnSymbol, amssymb, fourier, fouriernc, kmath, kpfonts, mathabx, mathdesign, oz, pxfonts, txfonts"
"02A7F",""," "
"02A80",""," "
"02A81",""," "
"02A82",""," "
"02A83",""," "
"02A84",""," "
"02A85","\lessapprox","MnSymbol, amssymb, kmath, kpfonts, mathabx, mathdesign, oz, pxfonts, txfonts"
"02A86","\gtrapprox","MnSymbol, amssymb, kmath, kpfonts, mathabx, mathdesign, oz, pxfonts, txfonts"
"02A87","\lneq","amssymb, kmath, kpfonts, mathabx, mathdesign, oz, pxfonts, txfonts"
"02A88","\gneq","amssymb, kmath, kpfonts, mathabx, mathdesign, oz, pxfonts, txfonts"
"02A89","\lnapprox","MnSymbol, amssymb, kmath, kpfonts, mathabx, mathdesign, oz, pxfonts, txfonts"
"02A8A","\gnapprox","MnSymbol, amssymb, kmath, kpfonts, mathabx, mathdesign, oz, pxfonts, txfonts"
"02A8B","\lesseqqgtr","MnSymbol, amssymb, kmath, kpfonts, mathabx, mathdesign, oz, pxfonts, txfonts"
"02A8C","\gtreqqless","MnSymbol, amssymb, kmath, kpfonts, mathabx, mathdesign, oz, pxfonts, txfonts"
"02A8D",""," "
"02A8E",""," "
"02A8F",""," "
"02A90",""," "
"02A91",""," "
"02A92",""," "
"02A93",""," "
"02A94",""," "
"02A95","\eqslantless","MnSymbol, amssymb, kmath, kpfonts, mathabx, mathdesign, oz, pxfonts, txfonts"
"02A96","\eqslantgtr","MnSymbol, amssymb, kmath, kpfonts, mathabx, mathdesign, oz, pxfonts, txfonts"
"02A97",""," "
"02A98",""," "
"02A99",""," "
"02A9A",""," "
"02A9B",""," "
"02A9C",""," "
"02A9D",""," "
"02A9E",""," "
"02A9F",""," "
"02AA0",""," "
"02AA1","\NestedLessLess","wrisym"
"02AA2","\NestedGreaterGreater","wrisym"
"02AA3",""," "
"02AA4",""," "
"02AA5",""," "
"02AA6","\leftslice","stmaryrd"
"02AA7","\rightslice","stmaryrd"
"02AA8",""," "
"02AA9",""," "
"02AAA",""," "
"02AAB",""," "
"02AAC",""," "
"02AAD",""," "
"02AAE",""," "
"02AAF","\preceq","*"
"02AB0","\succeq","*"
"02AB1",""," "
"02AB2",""," "
"02AB3","\preceqq","kmath, kpfonts, pxfonts, txfonts"
"02AB4","\succeqq","kmath, kpfonts, pxfonts, txfonts"
"02AB5","","MnSymbol, amssymb, kmath, kpfonts, mathabx, mathdesign, oz, pxfonts, txfonts"
"02AB6","","MnSymbol, amssymb, kmath, kpfonts, mathabx, mathdesign, oz, pxfonts, txfonts"
"02AB7","\precapprox","MnSymbol, amssymb, kmath, kpfonts, mathabx, mathdesign, oz, pxfonts, txfonts"
"02AB8","\succapprox","MnSymbol, amssymb, kmath, kpfonts, mathabx, mathdesign, oz, pxfonts, txfonts"
"02AB9","\precnapprox","MnSymbol, amssymb, kmath, kpfonts, mathabx, mathdesign, oz, pxfonts, txfonts"
"02ABA","\succnapprox","MnSymbol, amssymb, kmath, kpfonts, mathabx, mathdesign, oz, pxfonts, txfonts"
"02ABB","\llcurly","mathabx"
"02ABC","\ggcurly","mathabx"
"02ABD",""," "
"02ABE",""," "
"02ABF",""," "
"02AC0",""," "
"02AC1",""," "
"02AC2",""," "
"02AC3",""," "
"02AC4",""," "
"02AC5","\subseteqq","MnSymbol, amssymb, kmath, kpfonts, mathabx, mathdesign, oz, pxfonts, txfonts"
"02AC6","\supseteqq","MnSymbol, amssymb, kmath, kpfonts, mathabx, mathdesign, oz, pxfonts, txfonts"
"02AC7",""," "
"02AC8",""," "
"02AC9",""," "
"02ACA",""," "
"02ACB","\subsetneqq","MnSymbol, amssymb, kmath, kpfonts, mathabx, mathdesign, oz, pxfonts, txfonts"
"02ACC","\supsetneqq","MnSymbol, amssymb, kmath, kpfonts, mathabx, mathdesign, oz, pxfonts, txfonts"
"02ACD",""," "
"02ACE",""," "
"02ACF",""," "
"02AD0",""," "
"02AD1",""," "
"02AD2",""," "
"02AD3",""," "
"02AD4",""," "
"02AD5",""," "
"02AD6",""," "
"02AD7",""," "
"02AD8",""," "
"02AD9",""," "
"02ADA",""," "
"02ADB",""," "
"02ADC",""," "
"02ADD",""," "
"02ADE",""," "
"02ADF",""," "
"02AE0",""," "
"02AE1",""," "
"02AE2",""," "
"02AE3",""," "
"02AE4",""," "
"02AE5",""," "
"02AE6",""," "
"02AE7",""," "
"02AE8",""," "
"02AE9",""," "
"02AEA","\Top","kmath, kpfonts, pxfonts, txfonts"
"02AEB","\Bot","kmath, kpfonts, pxfonts, txfonts"
"02AEC",""," "
"02AED",""," "
"02AEE",""," "
"02AEF",""," "
"02AF0",""," "
"02AF1",""," "
"02AF2",""," "
"02AF3",""," "
"02AF4","\interleave","stmaryrd"
"02AF5",""," "
"02AF6",""," "
"02AF7",""," "
"02AF8",""," "
"02AF9",""," "
"02AFA",""," "
"02AFB",""," "
"02AFC","\biginterleave","stmaryrd"
"02AFD","\sslash","stmaryrd"
"02AFE","\talloblong","stmaryrd"
"02AFF",""," "
"02B00",""," "
"02B01",""," "
"02B02",""," "
"02B03",""," "
"02B04",""," "
"02B05",""," "
"02B06",""," "
"02B07",""," "
"02B08",""," "
"02B09",""," "
"02B0A",""," "
"02B0B",""," "
"02B0C",""," "
"02B0D",""," "
"02B0E",""," "
"02B0F",""," "
"02B10",""," "
"02B11",""," "
"02B12",""," "
"02B13",""," "
"02B14",""," "
"02B15",""," "
"02B16",""," "
"02B17",""," "
"02B18",""," "
"02B19",""," "
"02B1A",""," "
"02B1B","\blacksquare","fourier, fouriernc, -MnSymbol, -amssymb, -kmath, -kpfonts, -mathdesign, -oz, -pxfonts, -txfonts"
"02B1C","\square","fourier, fouriernc, -MnSymbol, -amssymb, -kmath, -kpfonts, -mathabx, -mathdesign, -oz, -pxfonts, -txfonts"
"02B1D",""," "
"02B1E",""," "
"02B1F",""," "
"02B20",""," "
"02B21",""," "
"02B22",""," "
"02B23",""," "
"02B24",""," "
"02B25",""," "
"02B26",""," "
"02B27",""," "
"02B28",""," "
"02B29",""," "
"02B2A",""," "
"02B2B",""," "
"02B2C",""," "
"02B2D",""," "
"02B2E",""," "
"02B2F",""," "
"02B30",""," "
"02B31",""," "
"02B32",""," "
"02B33",""," "
"02B34",""," "
"02B35",""," "
"02B36",""," "
"02B37",""," "
"02B38",""," "
"02B39",""," "
"02B3A",""," "
"02B3B",""," "
"02B3C",""," "
"02B3D",""," "
"02B3E",""," "
"02B3F",""," "
"02B40",""," "
"02B41",""," "
"02B42",""," "
"02B43",""," "
"02B44",""," "
"02B45",""," "
"02B46",""," "
"02B47",""," "
"02B48",""," "
"02B49",""," "
"02B4A",""," "
"02B4B",""," "
"02B4C",""," "
"02B50",""," "
"02B51",""," "
"02B52",""," "
"02B53",""," "
"02B54",""," "
"03008",""," "
"03009",""," "
"03012",""," "
"03014",""," "
"03015",""," "
"03018",""," "
"03019",""," "
"0301A",""," "
"0301B",""," "
"03030",""," "
"0306E",""," "
"0FB29",""," "
"0FE00",""," "
"0FE61",""," "
"0FE62",""," "
"0FE63",""," "
"0FE64",""," "
"0FE65",""," "
"0FE66",""," "
"0FE68",""," "
"0FF0B",""," "
"0FF1C",""," "
"0FF1D",""," "
"0FF1E",""," "
"0FF3C",""," "
"0FF3E",""," "
"0FF5C",""," "
"0FF5E",""," "
"0FFE2",""," "
"0FFE9",""," "
"0FFEA",""," "
"0FFEB",""," "
"0FFEC",""," "
"1D400","\mathbf{A}","*"
"1D401","\mathbf{B}","*"
"1D402","\mathbf{C}","*"
"1D403","\mathbf{D}","*"
"1D404","\mathbf{E}","*"
"1D405","\mathbf{F}","*"
"1D406","\mathbf{G}","*"
"1D407","\mathbf{H}","*"
"1D408","\mathbf{I}","*"
"1D409","\mathbf{J}","*"
"1D40A","\mathbf{K}","*"
"1D40B","\mathbf{L}","*"
"1D40C","\mathbf{M}","*"
"1D40D","\mathbf{N}","*"
"1D40E","\mathbf{O}","*"
"1D40F","\mathbf{P}","*"
"1D410","\mathbf{Q}","*"
"1D411","\mathbf{R}","*"
"1D412","\mathbf{S}","*"
"1D413","\mathbf{T}","*"
"1D414","\mathbf{U}","*"
"1D415","\mathbf{V}","*"
"1D416","\mathbf{W}","*"
"1D417","\mathbf{X}","*"
"1D418","\mathbf{Y}","*"
"1D419","\mathbf{Z}","*"
"1D41A","\mathbf{a}","*"
"1D41B","\mathbf{b}","*"
"1D41C","\mathbf{c}","*"
"1D41D","\mathbf{d}","*"
"1D41E","\mathbf{e}","*"
"1D41F","\mathbf{f}","*"
"1D420","\mathbf{g}","*"
"1D421","\mathbf{h}","*"
"1D422","\mathbf{i}","*"
"1D423","\mathbf{j}","*"
"1D424","\mathbf{k}","*"
"1D425","\mathbf{l}","*"
"1D426","\mathbf{m}","*"
"1D427","\mathbf{n}","*"
"1D428","\mathbf{o}","*"
"1D429","\mathbf{p}","*"
"1D42A","\mathbf{q}","*"
"1D42B","\mathbf{r}","*"
"1D42C","\mathbf{s}","*"
"1D42D","\mathbf{t}","*"
"1D42E","\mathbf{u}","*"
"1D42F","\mathbf{v}","*"
"1D430","\mathbf{w}","*"
"1D431","\mathbf{x}","*"
"1D432","\mathbf{y}","*"
"1D433","\mathbf{z}","*"
"1D434","A","-frenchstyle"
"1D435","B","-frenchstyle"
"1D436","C","-frenchstyle"
"1D437","D","-frenchstyle"
"1D438","E","-frenchstyle"
"1D439","F","-frenchstyle"
"1D43A","G","-frenchstyle"
"1D43B","H","-frenchstyle"
"1D43C","I","-frenchstyle"
"1D43D","J","-frenchstyle"
"1D43E","K","-frenchstyle"
"1D43F","L","-frenchstyle"
"1D440","M","-frenchstyle"
"1D441","N","-frenchstyle"
"1D442","O","-frenchstyle"
"1D443","P","-frenchstyle"
"1D444","Q","-frenchstyle"
"1D445","R","-frenchstyle"
"1D446","S","-frenchstyle"
"1D447","T","-frenchstyle"
"1D448","U","-frenchstyle"
"1D449","V","-frenchstyle"
"1D44A","W","-frenchstyle"
"1D44B","X","-frenchstyle"
"1D44C","Y","-frenchstyle"
"1D44D","Z","-frenchstyle"
"1D44E","a","-eulervm, -uprightstyle"
"1D44F","b","-eulervm, -uprightstyle"
"1D450","c","-eulervm, -uprightstyle"
"1D451","d","-eulervm, -uprightstyle"
"1D452","e","-eulervm, -uprightstyle"
"1D453","f","-eulervm, -uprightstyle"
"1D454","g","-eulervm, -uprightstyle"
"1D456","i","-eulervm, -uprightstyle"
"1D457","j","-eulervm, -uprightstyle"
"1D458","k","-eulervm, -uprightstyle"
"1D459","l","-eulervm, -uprightstyle"
"1D45A","m","-eulervm, -uprightstyle"
"1D45B","n","-eulervm, -uprightstyle"
"1D45C","o","-eulervm, -uprightstyle"
"1D45D","p","-eulervm, -uprightstyle"
"1D45E","q","-eulervm, -uprightstyle"
"1D45F","r","-eulervm, -uprightstyle"
"1D460","s","-eulervm, -uprightstyle"
"1D461","t","-eulervm, -uprightstyle"
"1D462","u","-eulervm, -uprightstyle"
"1D463","v","-eulervm, -uprightstyle"
"1D464","w","-eulervm, -uprightstyle"
"1D465","x","-eulervm, -uprightstyle"
"1D466","y","-eulervm, -uprightstyle"
"1D467","z","-eulervm, -uprightstyle"
"1D468","\mathbfit{A}","isomath"
"1D469","\mathbfit{B}","isomath"
"1D46A","\mathbfit{C}","isomath"
"1D46B","\mathbfit{D}","isomath"
"1D46C","\mathbfit{E}","isomath"
"1D46D","\mathbfit{F}","isomath"
"1D46E","\mathbfit{G}","isomath"
"1D46F","\mathbfit{H}","isomath"
"1D470","\mathbfit{I}","isomath"
"1D471","\mathbfit{J}","isomath"
"1D472","\mathbfit{K}","isomath"
"1D473","\mathbfit{L}","isomath"
"1D474","\mathbfit{M}","isomath"
"1D475","\mathbfit{N}","isomath"
"1D476","\mathbfit{O}","isomath"
"1D477","\mathbfit{P}","isomath"
"1D478","\mathbfit{Q}","isomath"
"1D479","\mathbfit{R}","isomath"
"1D47A","\mathbfit{S}","isomath"
"1D47B","\mathbfit{T}","isomath"
"1D47C","\mathbfit{U}","isomath"
"1D47D","\mathbfit{V}","isomath"
"1D47E","\mathbfit{W}","isomath"
"1D47F","\mathbfit{X}","isomath"
"1D480","\mathbfit{Y}","isomath"
"1D481","\mathbfit{Z}","isomath"
"1D482","\mathbfit{a}","isomath"
"1D483","\mathbfit{b}","isomath"
"1D484","\mathbfit{c}","isomath"
"1D485","\mathbfit{d}","isomath"
"1D486","\mathbfit{e}","isomath"
"1D487","\mathbfit{f}","isomath"
"1D488","\mathbfit{g}","isomath"
"1D489","\mathbfit{h}","isomath"
"1D48A","\mathbfit{i}","isomath"
"1D48B","\mathbfit{j}","isomath"
"1D48C","\mathbfit{k}","isomath"
"1D48D","\mathbfit{l}","isomath"
"1D48E","\mathbfit{m}","isomath"
"1D48F","\mathbfit{n}","isomath"
"1D490","\mathbfit{o}","isomath"
"1D491","\mathbfit{p}","isomath"
"1D492","\mathbfit{q}","isomath"
"1D493","\mathbfit{r}","isomath"
"1D494","\mathbfit{s}","isomath"
"1D495","\mathbfit{t}","isomath"
"1D496","\mathbfit{u}","isomath"
"1D497","\mathbfit{v}","isomath"
"1D498","\mathbfit{w}","isomath"
"1D499","\mathbfit{x}","isomath"
"1D49A","\mathbfit{y}","isomath"
"1D49B","\mathbfit{z}","isomath"
"1D49C","\mathcal{A}","*"
"1D49E","\mathcal{C}","*"
"1D49F","\mathcal{D}","*"
"1D4A2","\mathcal{G}","*"
"1D4A5","\mathcal{J}","*"
"1D4A6","\mathcal{K}","*"
"1D4A9","\mathcal{N}","*"
"1D4AA","\mathcal{O}","*"
"1D4AB","\mathcal{P}","*"
"1D4AC","\mathcal{Q}","*"
"1D4AE","\mathcal{S}","*"
"1D4AF","\mathcal{T}","*"
"1D4B0","\mathcal{U}","*"
"1D4B1","\mathcal{V}","*"
"1D4B2","\mathcal{W}","*"
"1D4B3","\mathcal{X}","*"
"1D4B4","\mathcal{Y}","*"
"1D4B5","\mathcal{Z}","*"
"1D4B6","\mathcal{a}","urwchancal, wrisym"
"1D4B7","\mathcal{b}","urwchancal, wrisym"
"1D4B8","\mathcal{c}","urwchancal, wrisym"
"1D4B9","\mathcal{d}","urwchancal, wrisym"
"1D4BB","\mathcal{f}","urwchancal, wrisym"
"1D4BD","\mathcal{h}","urwchancal, wrisym"
"1D4BE","\mathcal{i}","urwchancal, wrisym"
"1D4BF","\mathcal{j}","urwchancal, wrisym"
"1D4C0","\mathcal{k}","urwchancal, wrisym"
"1D4C1","\mathcal{l}","urwchancal, wrisym"
"1D4C2","\mathcal{m}","urwchancal, wrisym"
"1D4C3","\mathcal{n}","urwchancal, wrisym"
"1D4C5","\mathcal{p}","urwchancal, wrisym"
"1D4C6","\mathcal{q}","urwchancal, wrisym"
"1D4C7","\mathcal{r}","urwchancal, wrisym"
"1D4C8","\mathcal{s}","urwchancal, wrisym"
"1D4C9","\mathcal{t}","urwchancal, wrisym"
"1D4CA","\mathcal{u}","urwchancal, wrisym"
"1D4CB","\mathcal{v}","urwchancal, wrisym"
"1D4CC","\mathcal{w}","urwchancal, wrisym"
"1D4CD","\mathcal{x}","urwchancal, wrisym"
"1D4CE","\mathcal{y}","urwchancal, wrisym"
"1D4CF","\mathcal{z}","urwchancal, wrisym"
"1D4D0",""," "
"1D4D1",""," "
"1D4D2",""," "
"1D4D3",""," "
"1D4D4",""," "
"1D4D5",""," "
"1D4D6",""," "
"1D4D7",""," "
"1D4D8",""," "
"1D4D9",""," "
"1D4DA",""," "
"1D4DB",""," "
"1D4DC",""," "
"1D4DD",""," "
"1D4DE",""," "
"1D4DF",""," "
"1D4E0",""," "
"1D4E1",""," "
"1D4E2",""," "
"1D4E3",""," "
"1D4E4",""," "
"1D4E5",""," "
"1D4E6",""," "
"1D4E7",""," "
"1D4E8",""," "
"1D4E9",""," "
"1D4EA",""," "
"1D4EB",""," "
"1D4EC",""," "
"1D4ED",""," "
"1D4EE",""," "
"1D4EF",""," "
"1D4F0",""," "
"1D4F1",""," "
"1D4F2",""," "
"1D4F3",""," "
"1D4F4",""," "
"1D4F5",""," "
"1D4F6",""," "
"1D4F7",""," "
"1D4F8",""," "
"1D4F9",""," "
"1D4FA",""," "
"1D4FB",""," "
"1D4FC",""," "
"1D4FD",""," "
"1D4FE",""," "
"1D4FF",""," "
"1D500",""," "
"1D501",""," "
"1D502",""," "
"1D503",""," "
"1D504","\mathfrak{A}","MnSymbol, amsfonts, amssymb, eufrak, kmath, kpfonts, mathdesign, pxfonts, txfonts"
"1D505","\mathfrak{B}","MnSymbol, amsfonts, amssymb, eufrak, kmath, kpfonts, mathdesign, pxfonts, txfonts"
"1D507","\mathfrak{D}","MnSymbol, amsfonts, amssymb, eufrak, kmath, kpfonts, mathdesign, pxfonts, txfonts"
"1D508","\mathfrak{E}","MnSymbol, amsfonts, amssymb, eufrak, kmath, kpfonts, mathdesign, pxfonts, txfonts"
"1D509","\mathfrak{F}","MnSymbol, amsfonts, amssymb, eufrak, kmath, kpfonts, mathdesign, pxfonts, txfonts"
"1D50A","\mathfrak{G}","MnSymbol, amsfonts, amssymb, eufrak, kmath, kpfonts, mathdesign, pxfonts, txfonts"
"1D50D","\mathfrak{J}","MnSymbol, amsfonts, amssymb, eufrak, kmath, kpfonts, mathdesign, pxfonts, txfonts"
"1D50E","\mathfrak{K}","MnSymbol, amsfonts, amssymb, eufrak, kmath, kpfonts, mathdesign, pxfonts, txfonts"
"1D50F","\mathfrak{L}","MnSymbol, amsfonts, amssymb, eufrak, kmath, kpfonts, mathdesign, pxfonts, txfonts"
"1D510","\mathfrak{M}","MnSymbol, amsfonts, amssymb, eufrak, kmath, kpfonts, mathdesign, pxfonts, txfonts"
"1D511","\mathfrak{N}","MnSymbol, amsfonts, amssymb, eufrak, kmath, kpfonts, mathdesign, pxfonts, txfonts"
"1D512","\mathfrak{O}","MnSymbol, amsfonts, amssymb, eufrak, kmath, kpfonts, mathdesign, pxfonts, txfonts"
"1D513","\mathfrak{P}","MnSymbol, amsfonts, amssymb, eufrak, kmath, kpfonts, mathdesign, pxfonts, txfonts"
"1D514","\mathfrak{Q}","MnSymbol, amsfonts, amssymb, eufrak, kmath, kpfonts, mathdesign, pxfonts, txfonts"
"1D516","\mathfrak{S}","MnSymbol, amsfonts, amssymb, eufrak, kmath, kpfonts, mathdesign, pxfonts, txfonts"
"1D517","\mathfrak{T}","MnSymbol, amsfonts, amssymb, eufrak, kmath, kpfonts, mathdesign, pxfonts, txfonts"
"1D518","\mathfrak{U}","MnSymbol, amsfonts, amssymb, eufrak, kmath, kpfonts, mathdesign, pxfonts, txfonts"
"1D519","\mathfrak{V}","MnSymbol, amsfonts, amssymb, eufrak, kmath, kpfonts, mathdesign, pxfonts, txfonts"
"1D51A","\mathfrak{W}","MnSymbol, amsfonts, amssymb, eufrak, kmath, kpfonts, mathdesign, pxfonts, txfonts"
"1D51B","\mathfrak{X}","MnSymbol, amsfonts, amssymb, eufrak, kmath, kpfonts, mathdesign, pxfonts, txfonts"
"1D51C","\mathfrak{Y}","MnSymbol, amsfonts, amssymb, eufrak, kmath, kpfonts, mathdesign, pxfonts, txfonts"
"1D51E","\mathfrak{a}","MnSymbol, amsfonts, amssymb, eufrak, kmath, kpfonts, mathdesign, pxfonts, txfonts"
"1D51F","\mathfrak{b}","MnSymbol, amsfonts, amssymb, eufrak, kmath, kpfonts, mathdesign, pxfonts, txfonts"
"1D520","\mathfrak{c}","MnSymbol, amsfonts, amssymb, eufrak, kmath, kpfonts, mathdesign, pxfonts, txfonts"
"1D521","\mathfrak{d}","MnSymbol, amsfonts, amssymb, eufrak, kmath, kpfonts, mathdesign, pxfonts, txfonts"
"1D522","\mathfrak{e}","MnSymbol, amsfonts, amssymb, eufrak, kmath, kpfonts, mathdesign, pxfonts, txfonts"
"1D523","\mathfrak{f}","MnSymbol, amsfonts, amssymb, eufrak, kmath, kpfonts, mathdesign, pxfonts, txfonts"
"1D524","\mathfrak{g}","MnSymbol, amsfonts, amssymb, eufrak, kmath, kpfonts, mathdesign, pxfonts, txfonts"
"1D525","\mathfrak{h}","MnSymbol, amsfonts, amssymb, eufrak, kmath, kpfonts, mathdesign, pxfonts, txfonts"
"1D526","\mathfrak{i}","MnSymbol, amsfonts, amssymb, eufrak, kmath, kpfonts, mathdesign, pxfonts, txfonts"
"1D527","\mathfrak{j}","MnSymbol, amsfonts, amssymb, eufrak, kmath, kpfonts, mathdesign, pxfonts, txfonts"
"1D528","\mathfrak{k}","MnSymbol, amsfonts, amssymb, eufrak, kmath, kpfonts, mathdesign, pxfonts, txfonts"
"1D529","\mathfrak{l}","MnSymbol, amsfonts, amssymb, eufrak, kmath, kpfonts, mathdesign, pxfonts, txfonts"
"1D52A","\mathfrak{m}","MnSymbol, amsfonts, amssymb, eufrak, kmath, kpfonts, mathdesign, pxfonts, txfonts"
"1D52B","\mathfrak{n}","MnSymbol, amsfonts, amssymb, eufrak, kmath, kpfonts, mathdesign, pxfonts, txfonts"
"1D52C","\mathfrak{o}","MnSymbol, amsfonts, amssymb, eufrak, kmath, kpfonts, mathdesign, pxfonts, txfonts"
"1D52D","\mathfrak{p}","MnSymbol, amsfonts, amssymb, eufrak, kmath, kpfonts, mathdesign, pxfonts, txfonts"
"1D52E","\mathfrak{q}","MnSymbol, amsfonts, amssymb, eufrak, kmath, kpfonts, mathdesign, pxfonts, txfonts"
"1D52F","\mathfrak{r}","MnSymbol, amsfonts, amssymb, eufrak, kmath, kpfonts, mathdesign, pxfonts, txfonts"
"1D530","\mathfrak{s}","MnSymbol, amsfonts, amssymb, eufrak, kmath, kpfonts, mathdesign, pxfonts, txfonts"
"1D531","\mathfrak{t}","MnSymbol, amsfonts, amssymb, eufrak, kmath, kpfonts, mathdesign, pxfonts, txfonts"
"1D532","\mathfrak{u}","MnSymbol, amsfonts, amssymb, eufrak, kmath, kpfonts, mathdesign, pxfonts, txfonts"
"1D533","\mathfrak{v}","MnSymbol, amsfonts, amssymb, eufrak, kmath, kpfonts, mathdesign, pxfonts, txfonts"
"1D534","\mathfrak{w}","MnSymbol, amsfonts, amssymb, eufrak, kmath, kpfonts, mathdesign, pxfonts, txfonts"
"1D535","\mathfrak{x}","MnSymbol, amsfonts, amssymb, eufrak, kmath, kpfonts, mathdesign, pxfonts, txfonts"
"1D536","\mathfrak{y}","MnSymbol, amsfonts, amssymb, eufrak, kmath, kpfonts, mathdesign, pxfonts, txfonts"
"1D537","\mathfrak{z}","MnSymbol, amsfonts, amssymb, eufrak, kmath, kpfonts, mathdesign, pxfonts, txfonts"
"1D538","\mathbb{A}","amsfonts, amssymb, bbold, fourier, fouriernc, kmath, kpfonts, mathbb, mathbbol, mathdesign, mathpazo, oz, pxfonts, txfonts"
"1D539","\mathbb{B}","amsfonts, amssymb, bbold, fourier, fouriernc, kmath, kpfonts, mathbb, mathbbol, mathdesign, mathpazo, oz, pxfonts, txfonts"
"1D53B","\mathbb{D}","amsfonts, amssymb, bbold, fourier, fouriernc, kmath, kpfonts, mathbb, mathbbol, mathdesign, mathpazo, oz, pxfonts, txfonts"
"1D53C","\mathbb{E}","amsfonts, amssymb, bbold, fourier, fouriernc, kmath, kpfonts, mathbb, mathbbol, mathdesign, mathpazo, oz, pxfonts, txfonts"
"1D53D","\mathbb{F}","amsfonts, amssymb, bbold, fourier, fouriernc, kmath, kpfonts, mathbb, mathbbol, mathdesign, mathpazo, oz, pxfonts, txfonts"
"1D53E","\mathbb{G}","amsfonts, amssymb, bbold, fourier, fouriernc, kmath, kpfonts, mathbb, mathbbol, mathdesign, mathpazo, oz, pxfonts, txfonts"
"1D540","\mathbb{I}","amsfonts, amssymb, bbold, fourier, fouriernc, kmath, kpfonts, mathbb, mathbbol, mathdesign, mathpazo, oz, pxfonts, txfonts"
"1D541","\mathbb{J}","amsfonts, amssymb, bbold, fourier, fouriernc, kmath, kpfonts, mathbb, mathbbol, mathdesign, mathpazo, oz, pxfonts, txfonts"
"1D542","\mathbb{K}","amsfonts, amssymb, bbold, fourier, fouriernc, kmath, kpfonts, mathbb, mathbbol, mathdesign, mathpazo, oz, pxfonts, txfonts"
"1D543","\mathbb{L}","amsfonts, amssymb, bbold, fourier, fouriernc, kmath, kpfonts, mathbb, mathbbol, mathdesign, mathpazo, oz, pxfonts, txfonts"
"1D544","\mathbb{M}","amsfonts, amssymb, bbold, fourier, fouriernc, kmath, kpfonts, mathbb, mathbbol, mathdesign, mathpazo, oz, pxfonts, txfonts"
"1D546","\mathbb{O}","amsfonts, amssymb, bbold, fourier, fouriernc, kmath, kpfonts, mathbb, mathbbol, mathdesign, mathpazo, oz, pxfonts, txfonts"
"1D54A","\mathbb{S}","amsfonts, amssymb, bbold, fourier, fouriernc, kmath, kpfonts, mathbb, mathbbol, mathdesign, mathpazo, oz, pxfonts, txfonts"
"1D54B","\mathbb{T}","amsfonts, amssymb, bbold, fourier, fouriernc, kmath, kpfonts, mathbb, mathbbol, mathdesign, mathpazo, oz, pxfonts, txfonts"
"1D54C","\mathbb{U}","amsfonts, amssymb, bbold, fourier, fouriernc, kmath, kpfonts, mathbb, mathbbol, mathdesign, mathpazo, oz, pxfonts, txfonts"
"1D54D","\mathbb{V}","amsfonts, amssymb, bbold, fourier, fouriernc, kmath, kpfonts, mathbb, mathbbol, mathdesign, mathpazo, oz, pxfonts, txfonts"
"1D54E","\mathbb{W}","amsfonts, amssymb, bbold, fourier, fouriernc, kmath, kpfonts, mathbb, mathbbol, mathdesign, mathpazo, oz, pxfonts, txfonts"
"1D54F","\mathbb{X}","amsfonts, amssymb, bbold, fourier, fouriernc, kmath, kpfonts, mathbb, mathbbol, mathdesign, mathpazo, oz, pxfonts, txfonts"
"1D550","\mathbb{Y}","amsfonts, amssymb, bbold, fourier, fouriernc, kmath, kpfonts, mathbb, mathbbol, mathdesign, mathpazo, oz, pxfonts, txfonts"
"1D552","\mathbb{a}","bbold, mathbbol"
"1D553","\mathbb{b}","bbold, mathbbol"
"1D554","\mathbb{c}","bbold, mathbbol"
"1D555","\mathbb{d}","bbold, mathbbol"
"1D556","\mathbb{e}","bbold, mathbbol"
"1D557","\mathbb{f}","bbold, mathbbol"
"1D558","\mathbb{g}","bbold, mathbbol"
"1D559","\mathbb{h}","bbold, mathbbol"
"1D55A","\mathbb{i}","bbold, mathbbol"
"1D55B","\mathbb{j}","bbold, mathbbol"
"1D55C","\mathbb{k}","bbold, fourier, fouriernc, mathbbol"
"1D55D","\mathbb{l}","bbold, mathbbol"
"1D55E","\mathbb{m}","bbold, mathbbol"
"1D55F","\mathbb{n}","bbold, mathbbol"
"1D560","\mathbb{o}","bbold, mathbbol"
"1D561","\mathbb{p}","bbold, mathbbol"
"1D562","\mathbb{q}","bbold, mathbbol"
"1D563","\mathbb{r}","bbold, mathbbol"
"1D564","\mathbb{s}","bbold, mathbbol"
"1D565","\mathbb{t}","bbold, mathbbol"
"1D566","\mathbb{u}","bbold, mathbbol"
"1D567","\mathbb{v}","bbold, mathbbol"
"1D568","\mathbb{w}","bbold, mathbbol"
"1D569","\mathbb{x}","bbold, mathbbol"
"1D56A","\mathbb{y}","bbold, mathbbol"
"1D56B","\mathbb{z}","bbold, mathbbol"
"1D56C",""," "
"1D56D",""," "
"1D56E",""," "
"1D56F",""," "
"1D570",""," "
"1D571",""," "
"1D572",""," "
"1D573",""," "
"1D574",""," "
"1D575",""," "
"1D576",""," "
"1D577",""," "
"1D578",""," "
"1D579",""," "
"1D57A",""," "
"1D57B",""," "
"1D57C",""," "
"1D57D",""," "
"1D57E",""," "
"1D57F",""," "
"1D580",""," "
"1D581",""," "
"1D582",""," "
"1D583",""," "
"1D584",""," "
"1D585",""," "
"1D586",""," "
"1D587",""," "
"1D588",""," "
"1D589",""," "
"1D58A",""," "
"1D58B",""," "
"1D58C",""," "
"1D58D",""," "
"1D58E",""," "
"1D58F",""," "
"1D590",""," "
"1D591",""," "
"1D592",""," "
"1D593",""," "
"1D594",""," "
"1D595",""," "
"1D596",""," "
"1D597",""," "
"1D598",""," "
"1D599",""," "
"1D59A",""," "
"1D59B",""," "
"1D59C",""," "
"1D59D",""," "
"1D59E",""," "
"1D59F",""," "
"1D5A0","\mathsf{A}","*"
"1D5A1","\mathsf{B}","*"
"1D5A2","\mathsf{C}","*"
"1D5A3","\mathsf{D}","*"
"1D5A4","\mathsf{E}","*"
"1D5A5","\mathsf{F}","*"
"1D5A6","\mathsf{G}","*"
"1D5A7","\mathsf{H}","*"
"1D5A8","\mathsf{I}","*"
"1D5A9","\mathsf{J}","*"
"1D5AA","\mathsf{K}","*"
"1D5AB","\mathsf{L}","*"
"1D5AC","\mathsf{M}","*"
"1D5AD","\mathsf{N}","*"
"1D5AE","\mathsf{O}","*"
"1D5AF","\mathsf{P}","*"
"1D5B0","\mathsf{Q}","*"
"1D5B1","\mathsf{R}","*"
"1D5B2","\mathsf{S}","*"
"1D5B3","\mathsf{T}","*"
"1D5B4","\mathsf{U}","*"
"1D5B5","\mathsf{V}","*"
"1D5B6","\mathsf{W}","*"
"1D5B7","\mathsf{X}","*"
"1D5B8","\mathsf{Y}","*"
"1D5B9","\mathsf{Z}","*"
"1D5BA","\mathsf{a}","*"
"1D5BB","\mathsf{b}","*"
"1D5BC","\mathsf{c}","*"
"1D5BD","\mathsf{d}","*"
"1D5BE","\mathsf{e}","*"
"1D5BF","\mathsf{f}","*"
"1D5C0","\mathsf{g}","*"
"1D5C1","\mathsf{h}","*"
"1D5C2","\mathsf{i}","*"
"1D5C3","\mathsf{j}","*"
"1D5C4","\mathsf{k}","*"
"1D5C5","\mathsf{l}","*"
"1D5C6","\mathsf{m}","*"
"1D5C7","\mathsf{n}","*"
"1D5C8","\mathsf{o}","*"
"1D5C9","\mathsf{p}","*"
"1D5CA","\mathsf{q}","*"
"1D5CB","\mathsf{r}","*"
"1D5CC","\mathsf{s}","*"
"1D5CD","\mathsf{t}","*"
"1D5CE","\mathsf{u}","*"
"1D5CF","\mathsf{v}","*"
"1D5D0","\mathsf{w}","*"
"1D5D1","\mathsf{x}","*"
"1D5D2","\mathsf{y}","*"
"1D5D3","\mathsf{z}","*"
"1D5D4","\mathsfbf{A}","mathsfbf, omlmathsfbf"
"1D5D5","\mathsfbf{B}","mathsfbf, omlmathsfbf"
"1D5D6","\mathsfbf{C}","mathsfbf, omlmathsfbf"
"1D5D7","\mathsfbf{D}","mathsfbf, omlmathsfbf"
"1D5D8","\mathsfbf{E}","mathsfbf, omlmathsfbf"
"1D5D9","\mathsfbf{F}","mathsfbf, omlmathsfbf"
"1D5DA","\mathsfbf{G}","mathsfbf, omlmathsfbf"
"1D5DB","\mathsfbf{H}","mathsfbf, omlmathsfbf"
"1D5DC","\mathsfbf{I}","mathsfbf, omlmathsfbf"
"1D5DD","\mathsfbf{J}","mathsfbf, omlmathsfbf"
"1D5DE","\mathsfbf{K}","mathsfbf, omlmathsfbf"
"1D5DF","\mathsfbf{L}","mathsfbf, omlmathsfbf"
"1D5E0","\mathsfbf{M}","mathsfbf, omlmathsfbf"
"1D5E1","\mathsfbf{N}","mathsfbf, omlmathsfbf"
"1D5E2","\mathsfbf{O}","mathsfbf, omlmathsfbf"
"1D5E3","\mathsfbf{P}","mathsfbf, omlmathsfbf"
"1D5E4","\mathsfbf{Q}","mathsfbf, omlmathsfbf"
"1D5E5","\mathsfbf{R}","mathsfbf, omlmathsfbf"
"1D5E6","\mathsfbf{S}","mathsfbf, omlmathsfbf"
"1D5E7","\mathsfbf{T}","mathsfbf, omlmathsfbf"
"1D5E8","\mathsfbf{U}","mathsfbf, omlmathsfbf"
"1D5E9","\mathsfbf{V}","mathsfbf, omlmathsfbf"
"1D5EA","\mathsfbf{W}","mathsfbf, omlmathsfbf"
"1D5EB","\mathsfbf{X}","mathsfbf, omlmathsfbf"
"1D5EC","\mathsfbf{Y}","mathsfbf, omlmathsfbf"
"1D5ED","\mathsfbf{Z}","mathsfbf, omlmathsfbf"
"1D5EE","\mathsfbf{a}","mathsfbf, omlmathsfbf"
"1D5EF","\mathsfbf{b}","mathsfbf, omlmathsfbf"
"1D5F0","\mathsfbf{c}","mathsfbf, omlmathsfbf"
"1D5F1","\mathsfbf{d}","mathsfbf, omlmathsfbf"
"1D5F2","\mathsfbf{e}","mathsfbf, omlmathsfbf"
"1D5F3","\mathsfbf{f}","mathsfbf, omlmathsfbf"
"1D5F4","\mathsfbf{g}","mathsfbf, omlmathsfbf"
"1D5F5","\mathsfbf{h}","mathsfbf, omlmathsfbf"
"1D5F6","\mathsfbf{i}","mathsfbf, omlmathsfbf"
"1D5F7","\mathsfbf{j}","mathsfbf, omlmathsfbf"
"1D5F8","\mathsfbf{k}","mathsfbf, omlmathsfbf"
"1D5F9","\mathsfbf{l}","mathsfbf, omlmathsfbf"
"1D5FA","\mathsfbf{m}","mathsfbf, omlmathsfbf"
"1D5FB","\mathsfbf{n}","mathsfbf, omlmathsfbf"
"1D5FC","\mathsfbf{o}","mathsfbf, omlmathsfbf"
"1D5FD","\mathsfbf{p}","mathsfbf, omlmathsfbf"
"1D5FE","\mathsfbf{q}","mathsfbf, omlmathsfbf"
"1D5FF","\mathsfbf{r}","mathsfbf, omlmathsfbf"
"1D600","\mathsfbf{s}","mathsfbf, omlmathsfbf"
"1D601","\mathsfbf{t}","mathsfbf, omlmathsfbf"
"1D602","\mathsfbf{u}","mathsfbf, omlmathsfbf"
"1D603","\mathsfbf{v}","mathsfbf, omlmathsfbf"
"1D604","\mathsfbf{w}","mathsfbf, omlmathsfbf"
"1D605","\mathsfbf{x}","mathsfbf, omlmathsfbf"
"1D606","\mathsfbf{y}","mathsfbf, omlmathsfbf"
"1D607","\mathsfbf{z}","mathsfbf, omlmathsfbf"
"1D608","\mathsfit{A}","omlmathsfit"
"1D609","\mathsfit{B}","omlmathsfit"
"1D60A","\mathsfit{C}","omlmathsfit"
"1D60B","\mathsfit{D}","omlmathsfit"
"1D60C","\mathsfit{E}","omlmathsfit"
"1D60D","\mathsfit{F}","omlmathsfit"
"1D60E","\mathsfit{G}","omlmathsfit"
"1D60F","\mathsfit{H}","omlmathsfit"
"1D610","\mathsfit{I}","omlmathsfit"
"1D611","\mathsfit{J}","omlmathsfit"
"1D612","\mathsfit{K}","omlmathsfit"
"1D613","\mathsfit{L}","omlmathsfit"
"1D614","\mathsfit{M}","omlmathsfit"
"1D615","\mathsfit{N}","omlmathsfit"
"1D616","\mathsfit{O}","omlmathsfit"
"1D617","\mathsfit{P}","omlmathsfit"
"1D618","\mathsfit{Q}","omlmathsfit"
"1D619","\mathsfit{R}","omlmathsfit"
"1D61A","\mathsfit{S}","omlmathsfit"
"1D61B","\mathsfit{T}","omlmathsfit"
"1D61C","\mathsfit{U}","omlmathsfit"
"1D61D","\mathsfit{V}","omlmathsfit"
"1D61E","\mathsfit{W}","omlmathsfit"
"1D61F","\mathsfit{X}","omlmathsfit"
"1D620","\mathsfit{Y}","omlmathsfit"
"1D621","\mathsfit{Z}","omlmathsfit"
"1D622","\mathsfit{a}","omlmathsfit"
"1D623","\mathsfit{b}","omlmathsfit"
"1D624","\mathsfit{c}","omlmathsfit"
"1D625","\mathsfit{d}","omlmathsfit"
"1D626","\mathsfit{e}","omlmathsfit"
"1D627","\mathsfit{f}","omlmathsfit"
"1D628","\mathsfit{g}","omlmathsfit"
"1D629","\mathsfit{h}","omlmathsfit"
"1D62A","\mathsfit{i}","omlmathsfit"
"1D62B","\mathsfit{j}","omlmathsfit"
"1D62C","\mathsfit{k}","omlmathsfit"
"1D62D","\mathsfit{l}","omlmathsfit"
"1D62E","\mathsfit{m}","omlmathsfit"
"1D62F","\mathsfit{n}","omlmathsfit"
"1D630","\mathsfit{o}","omlmathsfit"
"1D631","\mathsfit{p}","omlmathsfit"
"1D632","\mathsfit{q}","omlmathsfit"
"1D633","\mathsfit{r}","omlmathsfit"
"1D634","\mathsfit{s}","omlmathsfit"
"1D635","\mathsfit{t}","omlmathsfit"
"1D636","\mathsfit{u}","omlmathsfit"
"1D637","\mathsfit{v}","omlmathsfit"
"1D638","\mathsfit{w}","omlmathsfit"
"1D639","\mathsfit{x}","omlmathsfit"
"1D63A","\mathsfit{y}","omlmathsfit"
"1D63B","\mathsfit{z}","omlmathsfit"
"1D63C","\mathsfbfit{A}","isomath"
"1D63D","\mathsfbfit{B}","isomath"
"1D63E","\mathsfbfit{C}","isomath"
"1D63F","\mathsfbfit{D}","isomath"
"1D640","\mathsfbfit{E}","isomath"
"1D641","\mathsfbfit{F}","isomath"
"1D642","\mathsfbfit{G}","isomath"
"1D643","\mathsfbfit{H}","isomath"
"1D644","\mathsfbfit{I}","isomath"
"1D645","\mathsfbfit{J}","isomath"
"1D646","\mathsfbfit{K}","isomath"
"1D647","\mathsfbfit{L}","isomath"
"1D648","\mathsfbfit{M}","isomath"
"1D649","\mathsfbfit{N}","isomath"
"1D64A","\mathsfbfit{O}","isomath"
"1D64B","\mathsfbfit{P}","isomath"
"1D64C","\mathsfbfit{Q}","isomath"
"1D64D","\mathsfbfit{R}","isomath"
"1D64E","\mathsfbfit{S}","isomath"
"1D64F","\mathsfbfit{T}","isomath"
"1D650","\mathsfbfit{U}","isomath"
"1D651","\mathsfbfit{V}","isomath"
"1D652","\mathsfbfit{W}","isomath"
"1D653","\mathsfbfit{X}","isomath"
"1D654","\mathsfbfit{Y}","isomath"
"1D655","\mathsfbfit{Z}","isomath"
"1D656","\mathsfbfit{a}","isomath"
"1D657","\mathsfbfit{b}","isomath"
"1D658","\mathsfbfit{c}","isomath"
"1D659","\mathsfbfit{d}","isomath"
"1D65A","\mathsfbfit{e}","isomath"
"1D65B","\mathsfbfit{f}","isomath"
"1D65C","\mathsfbfit{g}","isomath"
"1D65D","\mathsfbfit{h}","isomath"
"1D65E","\mathsfbfit{i}","isomath"
"1D65F","\mathsfbfit{j}","isomath"
"1D660","\mathsfbfit{k}","isomath"
"1D661","\mathsfbfit{l}","isomath"
"1D662","\mathsfbfit{m}","isomath"
"1D663","\mathsfbfit{n}","isomath"
"1D664","\mathsfbfit{o}","isomath"
"1D665","\mathsfbfit{p}","isomath"
"1D666","\mathsfbfit{q}","isomath"
"1D667","\mathsfbfit{r}","isomath"
"1D668","\mathsfbfit{s}","isomath"
"1D669","\mathsfbfit{t}","isomath"
"1D66A","\mathsfbfit{u}","isomath"
"1D66B","\mathsfbfit{v}","isomath"
"1D66C","\mathsfbfit{w}","isomath"
"1D66D","\mathsfbfit{x}","isomath"
"1D66E","\mathsfbfit{y}","isomath"
"1D66F","\mathsfbfit{z}","isomath"
"1D670","\mathtt{A}","*"
"1D671","\mathtt{B}","*"
"1D672","\mathtt{C}","*"
"1D673","\mathtt{D}","*"
"1D674","\mathtt{E}","*"
"1D675","\mathtt{F}","*"
"1D676","\mathtt{G}","*"
"1D677","\mathtt{H}","*"
"1D678","\mathtt{I}","*"
"1D679","\mathtt{J}","*"
"1D67A","\mathtt{K}","*"
"1D67B","\mathtt{L}","*"
"1D67C","\mathtt{M}","*"
"1D67D","\mathtt{N}","*"
"1D67E","\mathtt{O}","*"
"1D67F","\mathtt{P}","*"
"1D680","\mathtt{Q}","*"
"1D681","\mathtt{R}","*"
"1D682","\mathtt{S}","*"
"1D683","\mathtt{T}","*"
"1D684","\mathtt{U}","*"
"1D685","\mathtt{V}","*"
"1D686","\mathtt{W}","*"
"1D687","\mathtt{X}","*"
"1D688","\mathtt{Y}","*"
"1D689","\mathtt{Z}","*"
"1D68A","\mathtt{a}","*"
"1D68B","\mathtt{b}","*"
"1D68C","\mathtt{c}","*"
"1D68D","\mathtt{d}","*"
"1D68E","\mathtt{e}","*"
"1D68F","\mathtt{f}","*"
"1D690","\mathtt{g}","*"
"1D691","\mathtt{h}","*"
"1D692","\mathtt{i}","*"
"1D693","\mathtt{j}","*"
"1D694","\mathtt{k}","*"
"1D695","\mathtt{l}","*"
"1D696","\mathtt{m}","*"
"1D697","\mathtt{n}","*"
"1D698","\mathtt{o}","*"
"1D699","\mathtt{p}","*"
"1D69A","\mathtt{q}","*"
"1D69B","\mathtt{r}","*"
"1D69C","\mathtt{s}","*"
"1D69D","\mathtt{t}","*"
"1D69E","\mathtt{u}","*"
"1D69F","\mathtt{v}","*"
"1D6A0","\mathtt{w}","*"
"1D6A1","\mathtt{x}","*"
"1D6A2","\mathtt{y}","*"
"1D6A3","\mathtt{z}","*"
"1D6A4","\imath","*"
"1D6A5","\jmath","*"
"1D6A8",""," "
"1D6A9",""," "
"1D6AA","\mathbf{Gamma}","-fourier, -fouriernc"
"1D6AB","\mathbf{Delta}","-fourier, -fouriernc"
"1D6AC",""," "
"1D6AD",""," "
"1D6AE",""," "
"1D6AF","\mathbf{Theta}","-fourier, -fouriernc"
"1D6B0",""," "
"1D6B1",""," "
"1D6B2","\mathbf{Lambda}","-fourier, -fouriernc"
"1D6B3",""," "
"1D6B4",""," "
"1D6B5","\mathbf{Xi}","-fourier, -fouriernc"
"1D6B6",""," "
"1D6B7","\mathbf{Pi}","-fourier, -fouriernc"
"1D6B8",""," "
"1D6B9",""," "
"1D6BA","\mathbf{Sigma}","-fourier, -fouriernc"
"1D6BB",""," "
"1D6BC","\mathbf{Upsilon}","-fourier, -fouriernc"
"1D6BD","\mathbf{Phi}","-fourier, -fouriernc"
"1D6BE",""," "
"1D6BF","\mathbf{Psi}","-fourier, -fouriernc"
"1D6C0","\mathbf{Omega}","-fourier, -fouriernc"
"1D6C1",""," "
"1D6C2","\mathbf{alpha}","omlmathbf"
"1D6C3","\mathbf{beta}","omlmathbf"
"1D6C4","\mathbf{gamma}","omlmathbf"
"1D6C5","\mathbf{delta}","omlmathbf"
"1D6C6","\mathbf{varepsilon}","omlmathbf"
"1D6C7","\mathbf{zeta}","omlmathbf"
"1D6C8","\mathbf{eta}","omlmathbf"
"1D6C9","\mathbf{theta}","omlmathbf"
"1D6CA","\mathbf{iota}","omlmathbf"
"1D6CB","\mathbf{kappa}","omlmathbf"
"1D6CC","\mathbf{lambda}","omlmathbf"
"1D6CD","\mathbf{mu}","omlmathbf"
"1D6CE","\mathbf{nu}","omlmathbf"
"1D6CF","\mathbf{xi}","omlmathbf"
"1D6D0",""," "
"1D6D1","\mathbf{pi}","omlmathbf"
"1D6D2","\mathbf{rho}","omlmathbf"
"1D6D3","\mathbf{varsigma}","omlmathbf"
"1D6D4","\mathbf{sigma}","omlmathbf"
"1D6D5","\mathbf{tau}","omlmathbf"
"1D6D6","\mathbf{upsilon}","omlmathbf"
"1D6D7","\mathbf{varphi}","omlmathbf"
"1D6D8","\mathbf{chi}","omlmathbf"
"1D6D9","\mathbf{psi}","omlmathbf"
"1D6DA","\mathbf{omega}","omlmathbf"
"1D6DB",""," "
"1D6DC","\mathbf{epsilon}","omlmathbf"
"1D6DD","\mathbf{vartheta}","omlmathbf"
"1D6DE",""," "
"1D6DF","\mathbf{phi}","omlmathbf"
"1D6E0","\mathbf{varrho}","omlmathbf"
"1D6E1","\mathbf{varpi}","omlmathbf"
"1D6E2",""," "
"1D6E3",""," "
"1D6E4","\Gamma","fixmath, isomath, mathpazo, slantedGreek, tmmath"
"1D6E5","\Delta","fixmath, isomath, mathpazo, slantedGreek, tmmath"
"1D6E6",""," "
"1D6E7",""," "
"1D6E8",""," "
"1D6E9","\Theta","fixmath, isomath, mathpazo, slantedGreek, tmmath"
"1D6EA",""," "
"1D6EB",""," "
"1D6EC","\Lambda","fixmath, isomath, mathpazo, slantedGreek, tmmath"
"1D6ED",""," "
"1D6EE",""," "
"1D6EF","\Xi","fixmath, isomath, mathpazo, slantedGreek, tmmath"
"1D6F0",""," "
"1D6F1","\Pi","fixmath, isomath, mathpazo, slantedGreek, tmmath"
"1D6F2",""," "
"1D6F3",""," "
"1D6F4","\Sigma","fixmath, isomath, mathpazo, slantedGreek, tmmath"
"1D6F5",""," "
"1D6F6","\Upsilon","fixmath, isomath, mathpazo, slantedGreek, tmmath"
"1D6F7","\Phi","fixmath, isomath, mathpazo, slantedGreek, tmmath"
"1D6F8",""," "
"1D6F9","\Psi","fixmath, isomath, mathpazo, slantedGreek, tmmath"
"1D6FA","\Omega","fixmath, isomath, mathpazo, slantedGreek, tmmath"
"1D6FB",""," "
"1D6FC","\alpha","*"
"1D6FD","\beta","*"
"1D6FE","\gamma","*"
"1D6FF","\delta","*"
"1D700","\varepsilon","*"
"1D701","\zeta","*"
"1D702","\eta","*"
"1D703","\theta","*"
"1D704","\iota","*"
"1D705","\kappa","*"
"1D706","\lambda","*"
"1D707","\mu","*"
"1D708","\nu","*"
"1D709","\xi","*"
"1D70A",""," "
"1D70B","\pi","*"
"1D70C","\rho","*"
"1D70D","\varsigma","*"
"1D70E","\sigma","*"
"1D70F","\tau","*"
"1D710","\upsilon","*"
"1D711","\varphi","*"
"1D712","\chi","*"
"1D713","\psi","*"
"1D714","\omega","*"
"1D715","\partial","*"
"1D716","\epsilon","*"
"1D717","\vartheta","*"
"1D718","\varkappa","amssymb, kmath, kpfonts, mathdesign, oz, pxfonts, txfonts"
"1D719","\phi","*"
"1D71A","\varrho","*"
"1D71B","\varpi","*"
"1D71C",""," "
"1D71D",""," "
"1D71E","\mathbfit{Gamma}","isomath"
"1D71F","\mathbfit{Delta}","isomath"
"1D720",""," "
"1D721",""," "
"1D722",""," "
"1D723","\mathbfit{Theta}","isomath"
"1D724",""," "
"1D725",""," "
"1D726","\mathbfit{Lambda}","isomath"
"1D727",""," "
"1D728",""," "
"1D729","\mathbfit{Xi}","isomath"
"1D72A",""," "
"1D72B","\mathbfit{Pi}","isomath"
"1D72C",""," "
"1D72D",""," "
"1D72E","\mathbfit{Sigma}","isomath"
"1D72F",""," "
"1D730","\mathbfit{Upsilon}","isomath"
"1D731","\mathbfit{Phi}","isomath"
"1D732",""," "
"1D733","\mathbfit{Psi}","isomath"
"1D734","\mathbfit{Omega}","isomath"
"1D735",""," "
"1D736","\mathbfit{alpha}","isomath"
"1D737","\mathbfit{beta}","isomath"
"1D738","\mathbfit{gamma}","isomath"
"1D739","\mathbfit{delta}","isomath"
"1D73A","\mathbfit{varepsilon}","isomath"
"1D73B","\mathbfit{zeta}","isomath"
"1D73C","\mathbfit{eta}","isomath"
"1D73D","\mathbfit{theta}","isomath"
"1D73E","\mathbfit{iota}","isomath"
"1D73F","\mathbfit{kappa}","isomath"
"1D740","\mathbfit{lambda}","isomath"
"1D741","\mathbfit{mu}","isomath"
"1D742","\mathbfit{nu}","isomath"
"1D743","\mathbfit{xi}","isomath"
"1D744",""," "
"1D745","\mathbfit{pi}","isomath"
"1D746","\mathbfit{rho}","isomath"
"1D747","\mathbfit{varsigma}","isomath"
"1D748","\mathbfit{sigma}","isomath"
"1D749","\mathbfit{tau}","isomath"
"1D74A","\mathbfit{upsilon}","isomath"
"1D74B","\mathbfit{varphi}","isomath"
"1D74C","\mathbfit{chi}","isomath"
"1D74D","\mathbfit{psi}","isomath"
"1D74E","\mathbfit{omega}","isomath"
"1D74F",""," "
"1D750","\mathbfit{epsilon}","isomath"
"1D751","\mathbfit{vartheta}","isomath"
"1D752",""," "
"1D753","\mathbfit{phi}","isomath"
"1D754","\mathbfit{varrho}","isomath"
"1D755","\mathbfit{varpi}","isomath"
"1D756",""," "
"1D757",""," "
"1D758","\mathsfbf{Gamma}","mathsfbf, omlmathsfbf"
"1D759","\mathsfbf{Delta}","mathsfbf, omlmathsfbf"
"1D75A",""," "
"1D75B",""," "
"1D75C",""," "
"1D75D","\mathsfbf{Theta}","mathsfbf, omlmathsfbf"
"1D75E",""," "
"1D75F",""," "
"1D760","\mathsfbf{Lambda}","mathsfbf, omlmathsfbf"
"1D761",""," "
"1D762",""," "
"1D763","\mathsfbf{Xi}","mathsfbf, omlmathsfbf"
"1D764",""," "
"1D765","\mathsfbf{Pi}","mathsfbf, omlmathsfbf"
"1D766",""," "
"1D767",""," "
"1D768","\mathsfbf{Sigma}","mathsfbf, omlmathsfbf"
"1D769",""," "
"1D76A","\mathsfbf{Upsilon}","mathsfbf, omlmathsfbf"
"1D76B","\mathsfbf{Phi}","mathsfbf, omlmathsfbf"
"1D76C",""," "
"1D76D","\mathsfbf{Psi}","mathsfbf, omlmathsfbf"
"1D76E","\mathsfbf{Omega}","mathsfbf, omlmathsfbf"
"1D76F",""," "
"1D770","\mathsfbf{alpha}","omlmathsfbf"
"1D771","\mathsfbf{beta}","omlmathsfbf"
"1D772","\mathsfbf{gamma}","omlmathsfbf"
"1D773","\mathsfbf{delta}","omlmathsfbf"
"1D774","\mathsfbf{varepsilon}","omlmathsfbf"
"1D775","\mathsfbf{zeta}","omlmathsfbf"
"1D776","\mathsfbf{eta}","omlmathsfbf"
"1D777","\mathsfbf{theta}","omlmathsfbf"
"1D778","\mathsfbf{iota}","omlmathsfbf"
"1D779","\mathsfbf{kappa}","omlmathsfbf"
"1D77A","\mathsfbf{lambda}","omlmathsfbf"
"1D77B","\mathsfbf{mu}","omlmathsfbf"
"1D77C","\mathsfbf{nu}","omlmathsfbf"
"1D77D","\mathsfbf{xi}","omlmathsfbf"
"1D77E",""," "
"1D77F","\mathsfbf{pi}","omlmathsfbf"
"1D780","\mathsfbf{rho}","omlmathsfbf"
"1D781","\mathsfbf{varsigma}","omlmathsfbf"
"1D782","\mathsfbf{sigma}","omlmathsfbf"
"1D783","\mathsfbf{tau}","omlmathsfbf"
"1D784","\mathsfbf{upsilon}","omlmathsfbf"
"1D785","\mathsfbf{varphi}","omlmathsfbf"
"1D786","\mathsfbf{chi}","omlmathsfbf"
"1D787","\mathsfbf{psi}","omlmathsfbf"
"1D788","\mathsfbf{omega}","omlmathsfbf"
"1D789",""," "
"1D78A","\mathsfbf{epsilon}","omlmathsfbf"
"1D78B","\mathsfbf{vartheta}","omlmathsfbf"
"1D78C",""," "
"1D78D","\mathsfbf{phi}","omlmathsfbf"
"1D78E","\mathsfbf{varrho}","omlmathsfbf"
"1D78F","\mathsfbf{varpi}","omlmathsfbf"
"1D790",""," "
"1D791",""," "
"1D792","\mathsfbfit{Gamma}","isomath"
"1D793","\mathsfbfit{Delta}","isomath"
"1D794",""," "
"1D795",""," "
"1D796",""," "
"1D797","\mathsfbfit{Theta}","isomath"
"1D798",""," "
"1D799",""," "
"1D79A","\mathsfbfit{Lambda}","isomath"
"1D79B",""," "
"1D79C",""," "
"1D79D","\mathsfbfit{Xi}","isomath"
"1D79E",""," "
"1D79F","\mathsfbfit{Pi}","isomath"
"1D7A0",""," "
"1D7A1",""," "
"1D7A2","\mathsfbfit{Sigma}","isomath"
"1D7A3",""," "
"1D7A4","\mathsfbfit{Upsilon}","isomath"
"1D7A5","\mathsfbfit{Phi}","isomath"
"1D7A6",""," "
"1D7A7","\mathsfbfit{Psi}","isomath"
"1D7A8","\mathsfbfit{Omega}","isomath"
"1D7A9",""," "
"1D7AA","\mathsfbfit{alpha}","isomath"
"1D7AB","\mathsfbfit{beta}","isomath"
"1D7AC","\mathsfbfit{gamma}","isomath"
"1D7AD","\mathsfbfit{delta}","isomath"
"1D7AE","\mathsfbfit{varepsilon}","isomath"
"1D7AF","\mathsfbfit{zeta}","isomath"
"1D7B0","\mathsfbfit{eta}","isomath"
"1D7B1","\mathsfbfit{theta}","isomath"
"1D7B2","\mathsfbfit{iota}","isomath"
"1D7B3","\mathsfbfit{kappa}","isomath"
"1D7B4","\mathsfbfit{lambda}","isomath"
"1D7B5","\mathsfbfit{mu}","isomath"
"1D7B6","\mathsfbfit{nu}","isomath"
"1D7B7","\mathsfbfit{xi}","isomath"
"1D7B8",""," "
"1D7B9","\mathsfbfit{pi}","isomath"
"1D7BA","\mathsfbfit{rho}","isomath"
"1D7BB","\mathsfbfit{varsigma}","isomath"
"1D7BC","\mathsfbfit{sigma}","isomath"
"1D7BD","\mathsfbfit{tau}","isomath"
"1D7BE","\mathsfbfit{upsilon}","isomath"
"1D7BF","\mathsfbfit{varphi}","isomath"
"1D7C0","\mathsfbfit{chi}","isomath"
"1D7C1","\mathsfbfit{psi}","isomath"
"1D7C2","\mathsfbfit{omega}","isomath"
"1D7C3",""," "
"1D7C4","\mathsfbfit{epsilon}","isomath"
"1D7C5","\mathsfbfit{vartheta}","isomath"
"1D7C6",""," "
"1D7C7","\mathsfbfit{phi}","isomath"
"1D7C8","\mathsfbfit{varrho}","isomath"
"1D7C9","\mathsfbfit{varpi}","isomath"
"1D7CA",""," "
"1D7CB",""," "
"1D7CE","\mathbf{0}","*"
"1D7CF","\mathbf{1}","*"
"1D7D0","\mathbf{2}","*"
"1D7D1","\mathbf{3}","*"
"1D7D2","\mathbf{4}","*"
"1D7D3","\mathbf{5}","*"
"1D7D4","\mathbf{6}","*"
"1D7D5","\mathbf{7}","*"
"1D7D6","\mathbf{8}","*"
"1D7D7","\mathbf{9}","*"
"1D7D8","\mathbb{0}","bbold, mathbbol"
"1D7D9","\mathbb{1}","bbold, fourier, fouriernc, mathbbol"
"1D7DA","\mathbb{2}","bbold, mathbbol"
"1D7DB","\mathbb{3}","bbold, mathbbol"
"1D7DC","\mathbb{4}","bbold, mathbbol"
"1D7DD","\mathbb{5}","bbold, mathbbol"
"1D7DE","\mathbb{6}","bbold, mathbbol"
"1D7DF","\mathbb{7}","bbold, mathbbol"
"1D7E0","\mathbb{8}","bbold, mathbbol"
"1D7E1","\mathbb{9}","bbold, mathbbol"
"1D7E2","\mathsf{0}","*"
"1D7E3","\mathsf{1}","*"
"1D7E4","\mathsf{2}","*"
"1D7E5","\mathsf{3}","*"
"1D7E6","\mathsf{4}","*"
"1D7E7","\mathsf{5}","*"
"1D7E8","\mathsf{6}","*"
"1D7E9","\mathsf{7}","*"
"1D7EA","\mathsf{8}","*"
"1D7EB","\mathsf{9}","*"
"1D7EC","\mathsfbf{0}","mathsfbf, omlmathsfbf"
"1D7ED","\mathsfbf{1}","mathsfbf, omlmathsfbf"
"1D7EE","\mathsfbf{2}","mathsfbf, omlmathsfbf"
"1D7EF","\mathsfbf{3}","mathsfbf, omlmathsfbf"
"1D7F0","\mathsfbf{4}","mathsfbf, omlmathsfbf"
"1D7F1","\mathsfbf{5}","mathsfbf, omlmathsfbf"
"1D7F2","\mathsfbf{6}","mathsfbf, omlmathsfbf"
"1D7F3","\mathsfbf{7}","mathsfbf, omlmathsfbf"
"1D7F4","\mathsfbf{8}","mathsfbf, omlmathsfbf"
"1D7F5","\mathsfbf{9}","mathsfbf, omlmathsfbf"
"1D7F6","\mathtt{0}","*"
"1D7F7","\mathtt{1}","*"
"1D7F8","\mathtt{2}","*"
"1D7F9","\mathtt{3}","*"
"1D7FA","\mathtt{4}","*"
"1D7FB","\mathtt{5}","*"
"1D7FC","\mathtt{6}","*"
"1D7FD","\mathtt{7}","*"
"1D7FE","\mathtt{8}","*"
"1D7FF","\mathtt{9}","*"
